ticker,start,end,rule,cik,price_symbol,price_source,status,note
A,2000-06-05,,R1,1090872,A,yfinance,OK,위키 CIK 일치
AABA,1999-12-08,2017-06-19,R3,1011006,AABA,tiingo,OK,Altaba Inc · 후보1→정기보고서 있는 1
AAL,2015-03-23,2024-09-23,R3,6201,AAL,tiingo,OK,American Airlines Group Inc · 후보1→정기보고서 있는 1
AAP,2015-07-09,2023-08-25,R3,1158449,AAP,tiingo,OK,Advance Auto Parts Inc · 후보1→정기보고서 있는 1
AAPL,1996-01-02,,R1,320193,AAPL,yfinance,OK,위키 CIK 일치
ABBV,2013-01-02,,R1,1551152,ABBV,yfinance,OK,위키 CIK 일치
ABC,2001-08-30,2023-08-30,R2,1140859,COR,yfinance,OK,Cencora · 후보1→정기보고서 있는 1
ABMD,2018-05-31,2022-12-22,R3,815094,ABMD,tiingo,OK,Abiomed Inc · 후보1→정기보고서 있는 1
ABNB,2023-09-18,,R1,1559720,ABNB,yfinance,OK,위키 CIK 일치
ABT,1996-01-02,,R1,1800,ABT,yfinance,OK,위키 CIK 일치
ACGL,2022-11-01,,R1,947484,ACGL,yfinance,OK,위키 CIK 일치
ACN,2011-07-06,,R1,1467373,ACN,yfinance,OK,위키 CIK 일치
ADBE,1997-05-06,,R1,796343,ADBE,yfinance,OK,위키 CIK 일치
ADI,1999-10-12,,R1,6281,ADI,yfinance,OK,위키 CIK 일치
ADM,1996-01-02,,R1,7084,ADM,yfinance,OK,위키 CIK 일치
ADP,1996-01-02,,R1,8670,ADP,yfinance,OK,위키 CIK 일치
ADS,2013-12-23,2020-06-22,R2,1101215,BFH,tiingo,OK,Bread Financial · 후보1→정기보고서 있는 1
ADSK,1996-01-02,,R1,769397,ADSK,yfinance,OK,위키 CIK 일치
ADT,2012-10-02,2016-05-02,R5,,,,UNREACHABLE,Tiingo 기간 2018-01-19~2026-09-24 이 구간을 못 덮음(재사용·잘림)
AEE,1996-01-02,,R1,1002910,AEE,yfinance,OK,위키 CIK 일치
AEP,1996-01-02,,R1,4904,AEP,yfinance,OK,위키 CIK 일치
AES,1998-10-02,,R1,874761,AES,yfinance,OK,위키 CIK 일치
AET,1996-01-02,2018-11-29,R3,1122304,AET,tiingo,OK,Aetna Inc · 후보3→정기보고서 있는 1
AFL,1999-05-28,,R1,4977,AFL,yfinance,OK,위키 CIK 일치
AGN,1996-01-02,2020-05-12,R3,1578845,AGN,tiingo,OK,Allergan Inc · 후보2→정기보고서 최다 25건(차순 1)
AIG,1996-01-02,,R1,5272,AIG,yfinance,OK,위키 CIK 일치
AIV,2003-03-14,2020-12-21,R3,922864,AIV,tiingo,OK,Apartment Investment & Management Co. - Class A · 후보1→정기보고서 있는 1
AIZ,2007-04-10,,R1,1267238,AIZ,yfinance,OK,위키 CIK 일치
AJG,2016-05-31,,R1,354190,AJG,yfinance,OK,위키 CIK 일치
AKAM,2007-07-12,,R1,1086222,AKAM,yfinance,OK,위키 CIK 일치
ALB,2016-07-01,,R1,915913,ALB,yfinance,OK,위키 CIK 일치
ALGN,2017-06-19,,R1,1097149,ALGN,yfinance,OK,위키 CIK 일치
ALK,2016-05-13,2023-12-18,R3,766421,ALK,tiingo,OK,Alaska Air Group Inc · 후보1→정기보고서 있는 1
ALL,1996-01-02,,R1,899051,ALL,yfinance,OK,위키 CIK 일치
ALLE,2013-12-02,,R1,1579241,ALLE,yfinance,OK,위키 CIK 일치
ALXN,2012-05-25,2021-07-21,R3,899866,ALXN,tiingo,OK,Alexion Pharmaceuticals Inc · 후보1→정기보고서 있는 1
AMAT,1996-01-02,,R1,6951,AMAT,yfinance,OK,위키 CIK 일치
AMCR,2019-06-07,,R1,1748790,AMCR,yfinance,OK,위키 CIK 일치
AMD,2017-03-20,,R1,2488,AMD,yfinance,OK,위키 CIK 일치
AME,2013-09-23,,R1,1037868,AME,yfinance,OK,위키 CIK 일치
AMG,2014-07-01,2019-12-23,R3,1004434,AMG,tiingo,OK,Affiliated Managers Group Inc · 후보1→정기보고서 있는 1
AMGN,1996-01-02,,R1,318154,AMGN,yfinance,OK,위키 CIK 일치
AMP,2005-10-03,,R1,820027,AMP,yfinance,OK,위키 CIK 일치
AMT,2007-11-19,,R1,1053507,AMT,yfinance,OK,위키 CIK 일치
AMTM,2024-09-30,2024-12-23,R3,2011286,AMTM,tiingo,OK,Amentum Holdings Inc · 후보1→정기보고서 있는 1
AMZN,2005-11-21,,R1,1018724,AMZN,yfinance,OK,위키 CIK 일치
AN,2003-02-24,2017-08-08,R3,350698,AN,tiingo,OK,Autonation Inc · 후보3→정기보고서 있는 1
ANDV,2007-09-27,2018-10-01,R3,50104,ANDV,tiingo,OK,Andeavor Corp · 후보1→정기보고서 있는 1
ANET,2018-08-28,,R1,1596532,ANET,yfinance,OK,위키 CIK 일치
ANSS,2017-06-19,2025-07-18,R3,1013462,ANSS,tiingo,OK,Ansys Inc · 후보1→정기보고서 있는 1
ANTM,2002-07-25,2022-06-28,R2,1156039,ELV,yfinance,OK,Elevance Health · 후보1→정기보고서 있는 1
AON,1996-04-23,,R1,315293,AON,yfinance,OK,위키 CIK 일치
AOS,2017-07-26,,R1,91142,AOS,yfinance,OK,위키 CIK 일치
APA,1997-07-28,,R1,1841666,APA,yfinance,OK,위키 CIK 일치
APC,1997-07-28,2019-08-09,R5,,,,UNREACHABLE,Tiingo 기간 2026-02-12~2026-09-24 이 구간을 못 덮음(재사용·잘림)
APD,1996-01-02,,R1,2969,APD,yfinance,OK,위키 CIK 일치
APH,2008-09-30,,R1,820313,APH,yfinance,OK,위키 CIK 일치
APO,2024-12-23,,R1,1858681,APO,yfinance,OK,위키 CIK 일치
APP,2025-09-22,,R1,1751008,APP,yfinance,OK,위키 CIK 일치
APTV,2012-12-24,,R1,1521332,APTV,yfinance,OK,위키 CIK 일치
ARE,2017-03-20,,R1,1035443,ARE,yfinance,OK,위키 CIK 일치
ARES,2025-12-11,,R1,1176948,ARES,yfinance,OK,위키 CIK 일치
ARG,2009-09-09,2016-05-23,R3,804212,ARG,tiingo,OK,Airgas Inc · 후보1→정기보고서 있는 1
ARNC,1996-01-02,2020-04-06,R2,4281,HWM,yfinance,OK,Howmet Aerospace · 후보1→정기보고서 있는 1
ATO,2019-02-15,,R1,731802,ATO,yfinance,OK,위키 CIK 일치
ATVI,2015-08-31,2023-10-18,R3,718877,ATVI,tiingo,OK,Activision Blizzard Inc · 후보1→정기보고서 있는 1
AVB,2007-01-10,2026-08-18,R3,915912,AVB,tiingo,OK,Avalonbay Communities Inc · 후보1→정기보고서 있는 1
AVGO,2014-05-08,,R1,1730168,AVGO,yfinance,OK,위키 CIK 일치
AVY,1996-01-02,,R1,8818,AVY,yfinance,OK,위키 CIK 일치
AWK,2016-03-04,,R1,1410636,AWK,yfinance,OK,위키 CIK 일치
AXON,2023-05-04,,R1,1069183,AXON,yfinance,OK,위키 CIK 일치
AXP,1996-01-02,,R1,4962,AXP,yfinance,OK,위키 CIK 일치
AYI,2016-05-03,2018-06-18,R3,1144215,AYI,tiingo,OK,Acuity Brands Inc · 후보1→정기보고서 있는 1
AZO,1997-01-02,,R1,866787,AZO,yfinance,OK,위키 CIK 일치
BA,1996-01-02,,R1,12927,BA,yfinance,OK,위키 CIK 일치
BAC,1996-01-02,,R1,70858,BAC,yfinance,OK,위키 CIK 일치
BALL,2022-05-10,,R1,9389,BALL,yfinance,OK,위키 CIK 일치
BAX,1996-01-02,,R1,10456,BAX,yfinance,OK,위키 CIK 일치
BBBY,1999-10-01,2017-07-26,R4,886158,BBBYQ,tiingo,OK,Bed Bath & Beyond Inc · 후보1→정기보고서 있는 1
BBT,1997-12-04,2019-12-09,R2,92230,TFC,yfinance,OK,Truist Financial · 후보1→정기보고서 있는 1
BBWI,2021-08-03,2024-10-01,R3,701985,BBWI,tiingo,OK,Bath & Body Works Inc · 후보2→정기보고서 있는 1
BBY,1999-06-30,,R1,764478,BBY,yfinance,OK,위키 CIK 일치
BCR,1996-01-02,2017-12-29,R3,9892,BCR,tiingo,OK,수동: C.R. Bard — SEC 이름이 도치형 BARD C R INC /NJ/ 라 정규화로 못 맞춤(BD 2017-12 인수)
BDX,1996-01-02,,R1,10795,BDX,yfinance,OK,위키 CIK 일치
BEN,1998-04-29,,R1,38777,BEN,yfinance,OK,위키 CIK 일치
BF-B,1996-01-02,,R1,14693,BF-B,yfinance,OK,위키 CIK 일치
BG,2023-03-15,,R1,1996862,BG,yfinance,OK,위키 CIK 일치
BHF,2017-08-07,2019-04-02,R3,1685040,BHF,tiingo,OK,Brighthouse Financial Inc · 후보1→정기보고서 있는 1
BHGE,1996-01-02,2019-10-18,R2,808362,BKR,yfinance,OK,Baker Hughes · 후보2→정기보고서 최다 22건(차순 11)
BIIB,2003-11-13,,R1,875045,BIIB,yfinance,OK,위키 CIK 일치
BIO,2020-06-22,2024-09-23,R3,12208,BIO,tiingo,OK,Bio-Rad Laboratories Inc - Class A · 후보1→정기보고서 있는 1
BK,1996-01-02,2026-05-21,R2,1390777,BNY,yfinance,OK,BNY · 후보1→정기보고서 있는 1
BKNG,2009-11-06,,R1,1075531,BKNG,yfinance,OK,위키 CIK 일치
BKR,2019-10-18,,R1,1701605,BKR,yfinance,OK,위키 CIK 일치
BLDR,2023-12-18,,R1,1316835,BLDR,yfinance,OK,위키 CIK 일치
BLK,2011-04-04,,R1,2012383,BLK,yfinance,OK,위키 CIK 일치
BLL,1996-01-02,2022-05-10,R2,9389,BALL,yfinance,OK,Ball Corp · 후보5→정기보고서 있는 1
BMY,1996-01-02,,R1,14272,BMY,yfinance,OK,위키 CIK 일치
BNY,2026-05-21,,R1,1390777,BNY,yfinance,OK,위키 CIK 일치
BR,2018-06-18,,R1,1383312,BR,yfinance,OK,위키 CIK 일치
BRCM,2000-07-03,2016-02-01,R3,1054374,BRCM,tiingo,OK,Broadcom Corp · 후보2→정기보고서 최다 4건(차순 1)
BRK-B,2010-02-16,,R1,1067983,BRK-B,yfinance,OK,위키 CIK 일치
BRO,2021-09-20,,R1,79282,BRO,yfinance,OK,위키 CIK 일치
BSX,1996-01-02,,R1,885725,BSX,yfinance,OK,위키 CIK 일치
BWA,2011-12-19,2025-03-24,R3,908255,BWA,tiingo,OK,BorgWarner Inc · 후보1→정기보고서 있는 1
BX,2023-09-18,,R1,1393818,BX,yfinance,OK,위키 CIK 일치
BXLT,2015-07-01,2016-06-03,R3,1620546,BXLT,tiingo,OK,Baxalta Inc · 후보1→정기보고서 있는 1
BXP,2006-04-03,,R1,1037540,BXP,yfinance,OK,위키 CIK 일치
C,1996-01-02,,R1,831001,C,yfinance,OK,위키 CIK 일치
CA,1996-01-02,2018-11-06,R5,,,,UNREACHABLE,Tiingo 기간 2023-12-14~2026-09-24 이 구간을 못 덮음(재사용·잘림)
CAG,1996-01-02,2026-06-30,R3,23217,CAG,tiingo,OK,Conagra Brands Inc · 후보1→정기보고서 있는 1
CAH,1997-05-27,,R1,721371,CAH,yfinance,OK,위키 CIK 일치
CAM,2008-01-29,2016-04-04,R3,941548,CAM,tiingo,OK,수동: Tiingo 메타 이름이 지금 ETF(AB California Muni)이나 기간은 Cameron International(SLB 가 2016-04 인수). SEC CAMERON INTERNATIONAL CORP
CARR,2020-04-03,,R1,1783180,CARR,yfinance,OK,위키 CIK 일치
CASY,2026-04-09,,R1,726958,CASY,yfinance,OK,위키 CIK 일치
CAT,1996-01-02,,R1,18230,CAT,yfinance,OK,위키 CIK 일치
CB,1996-01-02,,R1,896159,CB,yfinance,OK,위키 CIK 일치
CBOE,2017-03-01,,R1,1374310,CBOE,yfinance,OK,위키 CIK 일치
CBRE,2006-11-10,,R1,1138118,CBRE,yfinance,OK,위키 CIK 일치
CBS,1996-01-02,2019-12-05,R2,813828,,,UNREACHABLE,수동: Paramount Global 이력은 Tiingo PARA(지금 Banzai International 2021~)·PSKY(2025-08~) 어디에도 없다
CCE,1998-10-08,2016-05-31,R5,,,,UNREACHABLE,Tiingo 기간 ~ 이 구간을 못 덮음(재사용·잘림)
CCEP,2016-01-04,2016-05-31,R3,,,,UNREACHABLE,수동: fja 에 CCE(~2016-05-31)와 겹쳐 적힌 구간 — 옛 Coca-Cola Enterprises 가격은 없음(CCE UNREACHABLE 과 같은 회사)
CCI,2012-03-13,,R1,1051470,CCI,yfinance,OK,위키 CIK 일치
CCL,1998-12-22,,R1,815097,CCL,yfinance,OK,위키 CIK 일치
CDAY,2021-09-20,2024-02-01,R2,1725057,DAY,tiingo,OK,Dayforce · 후보2→정기보고서 있는 1
CDNS,2017-09-18,,R1,813672,CDNS,yfinance,OK,위키 CIK 일치
CDW,2019-09-23,,R1,1402057,CDW,yfinance,OK,위키 CIK 일치
CE,2018-12-24,2025-03-24,R3,1306830,CE,tiingo,OK,Celanese Corp - Series A · 후보6→정기보고서 있는 1
CEG,2022-02-02,,R1,1868275,CEG,yfinance,OK,위키 CIK 일치
CELG,2006-11-06,2019-11-21,R3,816284,CELG,tiingo,OK,Celgene Corp · 후보1→정기보고서 있는 1
CERN,2010-04-30,2022-06-08,R3,804753,CERN,tiingo,OK,Cerner Corp · 후보1→정기보고서 있는 1
CF,2008-08-27,,R1,1324404,CF,yfinance,OK,위키 CIK 일치
CFG,2016-02-01,,R1,759944,CFG,yfinance,OK,위키 CIK 일치
CHD,2015-12-29,,R1,313927,CHD,yfinance,OK,위키 CIK 일치
CHK,2006-03-03,2018-03-19,R3,895126,CHK,tiingo,OK,Chesapeake Energy Corp · 후보1→정기보고서 있는 1
CHRW,2007-03-02,,R1,1043277,CHRW,yfinance,OK,위키 CIK 일치
CHTR,2016-09-08,,R1,1091667,CHTR,yfinance,OK,위키 CIK 일치
CI,1996-01-02,,R1,1739940,CI,yfinance,OK,위키 CIK 일치
CIEN,2026-02-09,,R1,936395,CIEN,yfinance,OK,위키 CIK 일치
CINF,1997-12-18,,R1,20286,CINF,yfinance,OK,위키 CIK 일치
CL,1996-01-02,,R1,21665,CL,yfinance,OK,위키 CIK 일치
CLX,1996-01-02,,R1,21076,CLX,yfinance,OK,위키 CIK 일치
CMA,1996-01-02,2024-06-24,R3,28412,CMA,tiingo,OK,Comerica Inc · 후보1→정기보고서 있는 1
CMCSA,1996-01-02,,R1,1166691,CMCSA,yfinance,OK,위키 CIK 일치
CME,2006-08-11,,R1,1156375,CME,yfinance,OK,위키 CIK 일치
CMG,2011-04-28,,R1,1058090,CMG,yfinance,OK,위키 CIK 일치
CMI,1996-01-02,,R1,26172,CMI,yfinance,OK,위키 CIK 일치
CMS,1999-05-03,,R1,811156,CMS,yfinance,OK,위키 CIK 일치
CNC,2016-03-30,,R1,1071739,CNC,yfinance,OK,위키 CIK 일치
CNP,1996-01-02,,R1,1130310,CNP,yfinance,OK,위키 CIK 일치
CNX,2006-06-28,2016-03-04,R3,1070412,CNX,tiingo,OK,CNX Resources Corp · 후보1→정기보고서 있는 1
COF,1998-07-01,,R1,927628,COF,yfinance,OK,위키 CIK 일치
COG,2008-06-23,2021-10-04,R2,858470,CTRA,tiingo,OK,Coterra Energy · 후보1→정기보고서 있는 1
COHR,2026-03-23,,R1,820318,COHR,yfinance,OK,위키 CIK 일치
COIN,2025-05-19,,R1,1679788,COIN,yfinance,OK,위키 CIK 일치
COL,2001-07-02,2018-11-27,R3,1137411,COL,tiingo,OK,Rockwell Collins Inc · 후보1→정기보고서 있는 1
COO,2016-09-23,,R1,711404,COO,yfinance,OK,위키 CIK 일치
COP,1996-01-02,,R1,1163165,COP,yfinance,OK,위키 CIK 일치
COR,2023-08-30,,R1,1140859,COR,yfinance,OK,위키 CIK 일치
COST,1996-01-02,,R1,909832,COST,yfinance,OK,위키 CIK 일치
COTY,2016-10-03,2020-09-21,R3,1024305,COTY,tiingo,OK,Coty Inc - Class A · 후보1→정기보고서 있는 1
CPAY,2024-03-25,,R1,1175454,CPAY,yfinance,OK,위키 CIK 일치
CPB,1996-01-02,2026-06-22,R3,16732,CPB,tiingo,OK,Campbell Soup Company · 후보1→정기보고서 있는 1
CPGX,2015-07-02,2016-07-01,R3,1629995,CPGX,tiingo,OK,Columbia Pipeline Group Inc · 후보1→정기보고서 있는 1
CPRI,2016-01-04,2020-05-12,R3,1530721,CPRI,tiingo,OK,Capri Holdings Ltd · 후보2→정기보고서 있는 1
CPRT,2018-07-02,,R1,900075,CPRT,yfinance,OK,위키 CIK 일치
CPT,2022-04-04,,R1,906345,CPT,yfinance,OK,위키 CIK 일치
CRH,2025-12-22,,R1,849395,CRH,yfinance,OK,위키 CIK 일치
CRL,2021-05-14,,R1,1100682,CRL,yfinance,OK,위키 CIK 일치
CRM,2008-09-15,,R1,1108524,CRM,yfinance,OK,위키 CIK 일치
CRWD,2024-06-24,,R1,1535527,CRWD,yfinance,OK,위키 CIK 일치
CSCO,1996-01-02,,R1,858877,CSCO,yfinance,OK,위키 CIK 일치
CSGP,2022-09-19,,R1,1057352,CSGP,yfinance,OK,위키 CIK 일치
CSRA,2015-11-30,2018-04-04,R5,,,,UNREACHABLE,Tiingo 기간 2026-08-12~2026-09-24 이 구간을 못 덮음(재사용·잘림)
CSX,1996-01-02,,R1,277948,CSX,yfinance,OK,위키 CIK 일치
CTAS,2001-03-01,,R1,723254,CTAS,yfinance,OK,위키 CIK 일치
CTL,1999-03-25,2020-09-18,R2,18926,LUMN,tiingo,OK,Lumen Technologies · 후보2→정기보고서 있는 1
CTLT,2020-09-21,2024-12-23,R3,1596783,CTLT,tiingo,OK,Catalent Inc · 후보1→정기보고서 있는 1
CTRA,2021-10-04,2026-05-07,R3,858470,CTRA,tiingo,OK,Coterra Energy Inc · 후보1→정기보고서 있는 1
CTSH,2006-11-17,,R1,1058290,CTSH,yfinance,OK,위키 CIK 일치
CTVA,2019-06-03,,R1,1755672,CTVA,yfinance,OK,위키 CIK 일치
CTXS,1999-12-01,2022-10-03,R3,877890,CTXS,tiingo,OK,Citrix Systems Inc · 후보1→정기보고서 있는 1
CVC,2010-12-20,2016-06-21,R3,1053112,CVC,tiingo,OK,Cablevision Systems Corp · 후보1→정기보고서 있는 1
CVNA,2025-12-22,,R1,1690820,CVNA,yfinance,OK,위키 CIK 일치
CVS,1996-01-02,,R1,64803,CVS,yfinance,OK,위키 CIK 일치
CVX,1996-01-02,,R1,93410,CVX,yfinance,OK,위키 CIK 일치
CXO,2016-02-22,2021-01-21,R3,1358071,CXO,tiingo,OK,Concho Resources Inc · 후보2→정기보고서 있는 1
CZR,2021-03-22,2025-09-22,R3,1590895,CZR,tiingo,OK,Caesars Entertainment Inc · 후보3→정기보고서 최다 26건(차순 3)
D,1996-01-02,,R1,715957,D,yfinance,OK,위키 CIK 일치
DAL,2013-09-11,,R1,27904,DAL,yfinance,OK,위키 CIK 일치
DASH,2025-03-24,,R1,1792789,DASH,yfinance,OK,위키 CIK 일치
DAY,2024-02-01,2026-02-09,R3,1725057,DAY,tiingo,OK,Dayforce Inc · 후보2→정기보고서 있는 1
DD,1996-01-02,2017-09-01,R3,30554,DD,tiingo,OK,수동: 옛 E. I. du Pont de Nemours(2017-09 Dow 와 합병 전). Tiingo DD 는 1962~ 이어진 시계열이라 구간 끝(2017-09-01)에서 자른다
DD,2019-06-03,,R1,1666700,DD,yfinance,OK,위키 CIK 일치
DDOG,2025-07-09,,R1,1561550,DDOG,yfinance,OK,위키 CIK 일치
DE,1996-01-02,,R1,315189,DE,yfinance,OK,위키 CIK 일치
DECK,2024-03-18,,R1,910521,DECK,yfinance,OK,위키 CIK 일치
DELL,2024-09-23,,R1,1571996,DELL,yfinance,OK,위키 CIK 일치
DFS,2007-07-02,2025-05-19,R3,1393612,DFS,tiingo,OK,Discover Financial Services · 후보1→정기보고서 있는 1
DG,2012-12-03,,R1,29534,DG,yfinance,OK,위키 CIK 일치
DGX,2002-12-12,,R1,1022079,DGX,yfinance,OK,위키 CIK 일치
DHI,2005-07-05,,R1,882184,DHI,yfinance,OK,위키 CIK 일치
DHR,1998-11-18,,R1,313616,DHR,yfinance,OK,위키 CIK 일치
DIS,1996-01-02,,R1,1744489,DIS,yfinance,OK,위키 CIK 일치
DISCA,2010-03-01,2022-04-11,R2,1437107,WBD,yfinance,OK,Warner Bros. Discovery · 후보1→정기보고서 있는 1
DISCK,2014-08-07,2022-04-11,R3,1437107,DISCK,tiingo,OK,Warner Bros. Discovery Inc - Series C · 후보1→정기보고서 있는 1
DISH,2017-03-13,2023-06-20,R3,1001082,DISH,tiingo,OK,Dish Network Corp - Class A · 후보2→정기보고서 있는 1
DLR,2016-05-18,,R1,1297996,DLR,yfinance,OK,위키 CIK 일치
DLTR,2011-12-19,,R1,935703,DLTR,yfinance,OK,위키 CIK 일치
DNB,2008-12-02,2017-04-05,R5,,,,UNREACHABLE,Tiingo 기간 2020-07-01~2025-08-25 이 구간을 못 덮음(재사용·잘림)
DO,2009-02-26,2016-10-03,R5,,,,UNREACHABLE,Tiingo 기간 2022-03-30~2024-09-04 이 구간을 못 덮음(재사용·잘림)
DOC,2024-03-04,,R1,765880,DOC,yfinance,OK,위키 CIK 일치
DOV,1996-01-02,,R1,29905,DOV,yfinance,OK,위키 CIK 일치
DOW,1996-01-02,2017-09-01,R5,,,,UNREACHABLE,Tiingo 기간 2019-03-20~2026-09-24 이 구간을 못 덮음(재사용·잘림)
DOW,2019-04-02,,R1,1751788,DOW,yfinance,OK,위키 CIK 일치
DPZ,2020-05-12,,R1,1286681,DPZ,yfinance,OK,위키 CIK 일치
DRE,2017-07-26,2022-10-03,R3,783280,DRE,tiingo,OK,Duke Realty Corp · 후보2→정기보고서 있는 1
DRI,1996-01-02,,R1,940944,DRI,yfinance,OK,위키 CIK 일치
DTE,1996-01-02,,R1,936340,DTE,yfinance,OK,위키 CIK 일치
DUK,1996-01-02,,R1,1326160,DUK,yfinance,OK,위키 CIK 일치
DVA,2008-07-31,,R1,927066,DVA,yfinance,OK,위키 CIK 일치
DVN,2000-08-30,,R1,1090012,DVN,yfinance,OK,위키 CIK 일치
DWDP,2017-09-01,2019-06-03,R2,1666700,DD,yfinance,OK,DuPont de Nemours · 후보1→정기보고서 있는 1
DXC,2017-04-04,2023-10-02,R3,1688568,DXC,tiingo,OK,DXC Technology Company · 후보1→정기보고서 있는 1
DXCM,2020-05-12,,R1,1093557,DXCM,yfinance,OK,위키 CIK 일치
EA,2002-07-22,2026-08-05,R3,712515,EA,tiingo,OK,Electronic Arts Inc · 후보1→정기보고서 있는 1
EBAY,2002-07-22,,R1,1065088,EBAY,yfinance,OK,위키 CIK 일치
ECHO,2026-06-24,,R1,1415404,ECHO,yfinance,OK,위키 CIK 일치
ECL,1996-01-02,,R1,31462,ECL,yfinance,OK,위키 CIK 일치
ED,1996-01-02,,R1,1047862,ED,yfinance,OK,위키 CIK 일치
EFX,1997-06-19,,R1,33185,EFX,yfinance,OK,위키 CIK 일치
EG,2023-07-10,,R1,1095073,EG,yfinance,OK,위키 CIK 일치
EIX,1996-01-02,,R1,827052,EIX,yfinance,OK,위키 CIK 일치
EL,2006-01-05,,R1,1001250,EL,yfinance,OK,위키 CIK 일치
ELV,2022-06-28,,R1,1156039,ELV,yfinance,OK,위키 CIK 일치
EMC,1996-03-28,2016-09-07,R5,,,,UNREACHABLE,Tiingo 기간 2023-05-15~2026-09-24 이 구간을 못 덮음(재사용·잘림)
EME,2025-09-22,,R1,105634,EME,yfinance,OK,위키 CIK 일치
EMN,1996-01-02,2025-11-04,R3,915389,EMN,tiingo,OK,Eastman Chemical Company · 후보1→정기보고서 있는 1
EMR,1996-01-02,,R1,32604,EMR,yfinance,OK,위키 CIK 일치
ENDP,2015-01-27,2017-03-02,R4,1593034,ENDPQ,tiingo,OK,Endo International plc · 후보1→정기보고서 있는 1
ENPH,2021-01-07,2025-09-22,R3,1463101,ENPH,tiingo,OK,Enphase Energy Inc · 후보1→정기보고서 있는 1
EOG,2000-11-02,,R1,821189,EOG,yfinance,OK,위키 CIK 일치
EPAM,2021-12-14,2026-06-02,R3,1352010,EPAM,tiingo,OK,EPAM Systems Inc · 후보1→정기보고서 있는 1
EQIX,2015-03-23,,R1,1101239,EQIX,yfinance,OK,위키 CIK 일치
EQR,2001-12-03,2026-08-18,R3,906107,EQR,tiingo,OK,Vivmark Residential · 후보1→정기보고서 있는 1
EQT,2008-12-19,2018-11-13,R3,33213,EQT,tiingo,OK,EQT Corp · 후보2→정기보고서 있는 1
EQT,2022-10-03,,R1,33213,EQT,yfinance,OK,위키 CIK 일치
ERIE,2024-09-23,,R1,922621,ERIE,yfinance,OK,위키 CIK 일치
ES,2009-03-17,,R1,72741,ES,yfinance,OK,위키 CIK 일치
ESRX,2003-09-26,2018-12-21,R3,1532063,ESRX,tiingo,OK,Express Scripts Holding Company · 후보2→정기보고서 있는 1
ESS,2014-04-02,,R1,920522,ESS,yfinance,OK,위키 CIK 일치
ESV,2012-07-31,2016-03-30,R5,,,,UNREACHABLE,Tiingo 없음
ETFC,2004-04-01,2020-10-07,R3,1015780,ETFC,tiingo,OK,E TRADE Financial Corp · 후보1→정기보고서 있는 1
ETN,1996-01-02,,R1,1551182,ETN,yfinance,OK,위키 CIK 일치
ETR,1996-01-02,,R1,65984,ETR,yfinance,OK,위키 CIK 일치
ETSY,2020-09-21,2024-09-23,R3,1370637,ETSY,tiingo,OK,Etsy Inc · 후보1→정기보고서 있는 1
EVHC,2016-12-02,2018-10-11,R3,1678531,EVHC,tiingo,OK,Envision Healthcare Holdings Inc · 후보3→정기보고서 최다 8건(차순 5)
EVRG,2018-06-05,,R1,1711269,EVRG,yfinance,OK,위키 CIK 일치
EW,2011-04-01,,R1,1099800,EW,yfinance,OK,위키 CIK 일치
EXC,1996-01-02,,R1,1109357,EXC,yfinance,OK,위키 CIK 일치
EXE,2025-03-24,,R1,895126,EXE,yfinance,OK,위키 CIK 일치
EXPD,2007-10-10,,R1,746515,EXPD,yfinance,OK,위키 CIK 일치
EXPE,2007-10-02,,R1,1324424,EXPE,yfinance,OK,위키 CIK 일치
EXR,2016-01-19,,R1,1289490,EXR,yfinance,OK,위키 CIK 일치
F,1996-01-02,,R1,37996,F,yfinance,OK,위키 CIK 일치
FANG,2018-12-03,,R1,1539838,FANG,yfinance,OK,위키 CIK 일치
FAST,2008-09-15,,R1,815556,FAST,yfinance,OK,위키 CIK 일치
FB,2013-12-23,2022-06-09,R2,1326801,META,yfinance,OK,Meta Platforms · 후보1→정기보고서 있는 1
FBHS,2016-06-24,2022-12-19,R2,1519751,FBIN,tiingo,OK,Fortune Brands Innovations · 후보1→정기보고서 있는 1
FCX,1996-01-02,,R1,831259,FCX,yfinance,OK,위키 CIK 일치
FDS,2021-12-20,,R1,1013237,FDS,yfinance,OK,위키 CIK 일치
FDX,1996-01-02,,R1,1048911,FDX,yfinance,OK,위키 CIK 일치
FDXF,2026-06-01,,R1,2082247,FDXF,yfinance,OK,위키 CIK 일치
FE,1996-01-02,,R1,1031296,FE,yfinance,OK,위키 CIK 일치
FERG,2026-08-05,,R1,2011641,FERG,yfinance,OK,위키 CIK 일치
FFIV,2010-12-20,,R1,1048695,FFIV,yfinance,OK,위키 CIK 일치
FI,2023-06-07,2025-11-11,R2,798354,FISV,yfinance,OK,Fiserv · 후보1→정기보고서 있는 1
FICO,2023-03-20,,R1,814547,FICO,yfinance,OK,위키 CIK 일치
FIS,2006-11-10,,R1,1136893,FIS,yfinance,OK,위키 CIK 일치
FISV,2001-04-02,2023-06-07,R3,798354,FISV,tiingo,OK,Fiserv Inc · 후보1→정기보고서 있는 1
FISV,2025-11-11,,R1,798354,FISV,yfinance,OK,위키 CIK 일치
FITB,1996-03-08,,R1,35527,FITB,yfinance,OK,위키 CIK 일치
FIX,2025-12-22,,R1,1035983,FIX,yfinance,OK,위키 CIK 일치
FL,2016-04-04,2019-08-09,R3,850209,FL,tiingo,OK,Foot Locker Inc · 후보1→정기보고서 있는 1
FLEX,2026-06-22,,R1,866374,FLEX,yfinance,OK,위키 CIK 일치
FLIR,2009-01-02,2021-05-14,R3,354908,FLIR,tiingo,OK,Flir Systems Inc · 후보1→정기보고서 있는 1
FLR,2000-12-22,2019-06-03,R3,1124198,FLR,tiingo,OK,Fluor Corporation · 후보1→정기보고서 있는 1
FLS,2008-10-02,2021-03-22,R3,30625,FLS,tiingo,OK,Flowserve Corp · 후보2→정기보고서 있는 1
FLT,2018-06-20,2024-03-25,R2,1175454,CPAY,yfinance,OK,Corpay · 후보1→정기보고서 있는 1
FMC,2009-08-19,2025-03-24,R3,37785,FMC,tiingo,OK,FMC Corp · 후보2→정기보고서 있는 1
FOSL,2012-04-04,2016-01-05,R3,883569,FOSL,tiingo,OK,Fossil Group Inc · 후보1→정기보고서 있는 1
FOX,2015-09-21,,R1,1754301,FOX,yfinance,OK,위키 CIK 일치
FOXA,2004-12-20,,R1,1754301,FOXA,yfinance,OK,위키 CIK 일치
FRC,2019-01-02,2023-05-04,R2,,FRCB,tiingo,PRICE_ONLY,수동: First Republic Bank 는 FDIC 에 공시 — 가격(FRCB)만 · EDGAR 재무 없음
FRT,2016-02-01,,R1,34903,FRT,yfinance,OK,위키 CIK 일치
FSLR,2009-10-16,2017-03-20,R3,1274494,FSLR,tiingo,OK,First Solar Inc · 후보1→정기보고서 있는 1
FSLR,2022-12-19,,R1,1274494,FSLR,yfinance,OK,위키 CIK 일치
FTI,2009-06-05,2021-02-12,R3,1681459,FTI,tiingo,OK,TechnipFMC plc · 후보1→정기보고서 있는 1
FTNT,2018-10-11,,R1,1262039,FTNT,yfinance,OK,위키 CIK 일치
FTR,2001-02-27,2017-03-20,R5,,,,UNREACHABLE,Tiingo 기간 2020-04-23~2021-06-01 이 구간을 못 덮음(재사용·잘림)
FTV,2016-07-05,,R1,1659166,FTV,yfinance,OK,위키 CIK 일치
GAS,2011-12-13,2016-07-01,R3,1004155,GAS,tiingo,OK,AGL Resources Inc · 후보1→정기보고서 있는 1
GD,1996-01-02,,R1,40533,GD,yfinance,OK,위키 CIK 일치
GDDY,2024-06-24,,R1,1609711,GDDY,yfinance,OK,위키 CIK 일치
GE,1996-01-02,,R1,40545,GE,yfinance,OK,위키 CIK 일치
GEHC,2023-01-04,,R1,1932393,GEHC,yfinance,OK,위키 CIK 일치
GEN,2022-11-08,,R1,849399,GEN,yfinance,OK,위키 CIK 일치
GEV,2024-04-02,,R1,1996810,GEV,yfinance,OK,위키 CIK 일치
GGP,2013-12-10,2018-08-28,R3,1496048,GGP,tiingo,OK,General Growth Properties Inc · 후보2→정기보고서 있는 1
GILD,2004-07-01,,R1,882095,GILD,yfinance,OK,위키 CIK 일치
GIS,1996-01-02,,R1,40704,GIS,yfinance,OK,위키 CIK 일치
GL,2019-08-08,,R1,320335,GL,yfinance,OK,위키 CIK 일치
GLW,1996-01-02,,R1,24741,GLW,yfinance,OK,위키 CIK 일치
GM,2013-06-07,,R1,1467858,GM,yfinance,OK,위키 CIK 일치
GMCR,2014-03-24,2016-03-03,R3,909954,GMCR,tiingo,OK,Green Mountain Coffee Roasters Inc · 후보1→정기보고서 있는 1
GME,2007-12-14,2016-04-25,R3,1326380,GME,tiingo,OK,Gamestop Corporation - Class A · 후보5→정기보고서 있는 1
GNRC,2021-03-22,,R1,1474735,GNRC,yfinance,OK,위키 CIK 일치
GOOG,2014-04-03,,R1,1652044,GOOG,yfinance,OK,위키 CIK 일치
GOOGL,2006-04-03,,R1,1652044,GOOGL,yfinance,OK,위키 CIK 일치
GPC,1996-01-02,,R1,40987,GPC,yfinance,OK,위키 CIK 일치
GPN,2016-04-25,,R1,1123360,GPN,yfinance,OK,위키 CIK 일치
GPS,1996-01-02,2022-02-02,R2,39911,GAP,tiingo,OK,Gap Inc · 후보2→정기보고서 있는 1
GRMN,2012-12-12,,R1,1121788,GRMN,yfinance,OK,위키 CIK 일치
GS,2002-07-22,,R1,886982,GS,yfinance,OK,위키 CIK 일치
GT,1996-01-02,2019-02-27,R3,42582,GT,tiingo,OK,Goodyear Tire & Rubber Company · 후보1→정기보고서 있는 1
GWW,1996-01-02,,R1,277135,GWW,yfinance,OK,위키 CIK 일치
HAL,1996-01-02,,R1,45012,HAL,yfinance,OK,위키 CIK 일치
HAR,2006-02-01,2017-03-13,R3,800459,HAR,tiingo,OK,수동: Harman International Industries /DE/ (Samsung 2017-03 인수)
HAS,1996-01-02,,R1,46080,HAS,yfinance,OK,위키 CIK 일치
HBAN,1997-08-06,,R1,49196,HBAN,yfinance,OK,위키 CIK 일치
HBI,2015-03-23,2021-12-20,R3,1359841,HBI,tiingo,OK,Hanesbrands Inc · 후보1→정기보고서 있는 1
HCA,2015-01-27,,R1,860730,HCA,yfinance,OK,위키 CIK 일치
HCP,2008-03-31,2019-11-05,R2,765880,DOC,yfinance,OK,Healthpeak Properties · 후보1→정기보고서 있는 1
HD,1996-01-02,,R1,354950,HD,yfinance,OK,위키 CIK 일치
HES,1996-01-02,2025-07-23,R3,4447,HES,tiingo,OK,Hess Corporation · 후보1→정기보고서 있는 1
HFC,2018-06-18,2021-06-04,R2,48039,DINO,tiingo,OK,수동: R2 DINO 의 현재 CIK 는 HF Sinclair(2022 신설 지주) — 구간(2018~2021) 기업은 HollyFrontier
HIG,1996-01-02,,R1,874766,HIG,yfinance,OK,위키 CIK 일치
HII,2018-01-03,,R1,1501585,HII,yfinance,OK,위키 CIK 일치
HLT,2017-06-19,,R1,1585689,HLT,yfinance,OK,위키 CIK 일치
HOG,2000-01-31,2020-06-22,R3,793952,HOG,tiingo,OK,Harley-Davidson Inc · 후보1→정기보고서 있는 1
HOLX,2016-03-30,2026-04-09,R3,859737,HOLX,tiingo,OK,Hologic Inc · 후보1→정기보고서 있는 1
HON,1996-01-02,,R1,773840,HON,yfinance,OK,위키 CIK 일치
HONA,2026-06-29,,R1,2089271,HONA,yfinance,OK,위키 CIK 일치
HOOD,2025-09-22,,R1,1783879,HOOD,yfinance,OK,위키 CIK 일치
HOT,2000-11-17,2016-09-23,R3,316206,HOT,tiingo,OK,수동: Tiingo 이름=ETF(Defiance) · 기간=Starwood Hotels(Marriott 2016-09 인수). SEC STARWOOD HOTELS & RESORTS WORLDWIDE
HP,2010-03-01,2020-05-22,R3,46765,HP,tiingo,OK,Helmerich & Payne Inc · 후보1→정기보고서 있는 1
HPE,2015-11-02,,R1,1645590,HPE,yfinance,OK,위키 CIK 일치
HPQ,1996-01-02,,R1,47217,HPQ,yfinance,OK,위키 CIK 일치
HRB,1996-01-02,2020-09-21,R3,12659,HRB,tiingo,OK,H&R Block Inc · 후보1→정기보고서 있는 1
HRL,2009-03-04,,R1,48465,HRL,yfinance,OK,위키 CIK 일치
HRS,2008-09-22,2019-06-01,R2,202058,LHX,yfinance,OK,L3Harris Technologies · 후보1→정기보고서 있는 1
HSIC,2015-03-18,,R1,1000228,HSIC,yfinance,OK,위키 CIK 일치
HST,2007-03-20,,R1,1070750,HST,yfinance,OK,위키 CIK 일치
HSY,1996-01-02,,R1,47111,HSY,yfinance,OK,위키 CIK 일치
HUBB,2023-10-18,,R1,48898,HUBB,yfinance,OK,위키 CIK 일치
HUM,1996-01-02,,R1,49071,HUM,yfinance,OK,위키 CIK 일치
HWM,2020-04-06,,R1,4281,HWM,yfinance,OK,위키 CIK 일치
IBKR,2025-08-28,,R1,1381197,IBKR,yfinance,OK,위키 CIK 일치
IBM,1996-01-02,,R1,51143,IBM,yfinance,OK,위키 CIK 일치
ICE,2007-09-26,,R1,1571949,ICE,yfinance,OK,위키 CIK 일치
IDXX,2017-01-05,,R1,874716,IDXX,yfinance,OK,위키 CIK 일치
IEX,2019-08-09,,R1,832101,IEX,yfinance,OK,위키 CIK 일치
IFF,1996-01-02,,R1,51253,IFF,yfinance,OK,위키 CIK 일치
ILMN,2015-11-19,2024-06-24,R3,1110803,ILMN,tiingo,OK,Illumina Inc · 후보1→정기보고서 있는 1
INCY,2017-02-28,,R1,879169,INCY,yfinance,OK,위키 CIK 일치
INFO,2017-06-02,2022-03-02,R5,,,,UNREACHABLE,Tiingo 기간 2024-10-10~2026-09-24 이 구간을 못 덮음(재사용·잘림)
INTC,1996-01-02,,R1,50863,INTC,yfinance,OK,위키 CIK 일치
INTU,2000-12-11,,R1,896878,INTU,yfinance,OK,위키 CIK 일치
INVH,2022-09-19,,R1,1687229,INVH,yfinance,OK,위키 CIK 일치
IP,1996-01-02,,R1,51434,IP,yfinance,OK,위키 CIK 일치
IPG,1996-01-02,2025-11-28,R3,51644,IPG,tiingo,OK,수동: Interpublic Group of Companies(Cos. 약어)
IPGP,2018-03-07,2022-06-21,R3,1111928,IPGP,tiingo,OK,IPG Photonics Corp · 후보1→정기보고서 있는 1
IQV,2017-08-29,,R1,1478242,IQV,yfinance,OK,위키 CIK 일치
IR,2010-11-17,,R1,1699150,IR,yfinance,OK,위키 CIK 일치
IRM,2009-01-06,,R1,1020569,IRM,yfinance,OK,위키 CIK 일치
ISRG,2008-06-02,,R1,1035267,ISRG,yfinance,OK,위키 CIK 일치
IT,2017-04-05,,R1,749251,IT,yfinance,OK,위키 CIK 일치
ITW,1996-01-02,,R1,49826,ITW,yfinance,OK,위키 CIK 일치
IVZ,2008-08-21,,R1,914208,IVZ,yfinance,OK,위키 CIK 일치
J,2019-12-10,,R1,52988,J,yfinance,OK,위키 CIK 일치
JBHT,2015-07-01,,R1,728535,JBHT,yfinance,OK,위키 CIK 일치
JBL,2023-12-18,,R1,898293,JBL,yfinance,OK,위키 CIK 일치
JCI,1996-01-02,,R1,833444,JCI,yfinance,OK,위키 CIK 일치
JEC,2007-10-26,2019-12-10,R2,52988,J,yfinance,OK,Jacobs Solutions · 후보1→정기보고서 있는 1
JEF,2007-08-27,2019-09-26,R3,96223,JEF,tiingo,OK,Jefferies Financial Group Inc · 후보1→정기보고서 있는 1
JKHY,2018-11-13,,R1,779152,JKHY,yfinance,OK,위키 CIK 일치
JNJ,1996-01-02,,R1,200406,JNJ,yfinance,OK,위키 CIK 일치
JNPR,2006-06-02,2025-07-09,R3,1043604,JNPR,tiingo,OK,Juniper Networks Inc · 후보1→정기보고서 있는 1
JPM,1996-01-02,,R1,19617,JPM,yfinance,OK,위키 CIK 일치
JWN,1996-01-02,2020-06-22,R3,72333,JWN,tiingo,OK,Nordstrom Inc · 후보1→정기보고서 있는 1
K,1996-01-02,2025-12-11,R3,55067,K,tiingo,OK,Kellanova · 후보1→정기보고서 있는 1
KDP,2008-10-07,2018-07-02,R3,1418135,KDP,tiingo,OK,Keurig Dr Pepper Inc · 후보1→정기보고서 있는 1
KDP,2022-06-21,,R1,1418135,KDP,yfinance,OK,위키 CIK 일치
KEY,1996-01-02,,R1,91576,KEY,yfinance,OK,위키 CIK 일치
KEYS,2018-11-06,,R1,1601046,KEYS,yfinance,OK,위키 CIK 일치
KHC,2015-07-06,,R1,1637459,KHC,yfinance,OK,위키 CIK 일치
KIM,2006-04-03,,R1,879101,KIM,yfinance,OK,위키 CIK 일치
KKR,2024-06-24,,R1,1404912,KKR,yfinance,OK,위키 CIK 일치
KLAC,1997-09-15,,R1,319201,KLAC,yfinance,OK,위키 CIK 일치
KMB,1996-01-02,,R1,55785,KMB,yfinance,OK,위키 CIK 일치
KMI,2012-05-25,,R1,1506307,KMI,yfinance,OK,위키 CIK 일치
KMX,2010-06-28,2025-10-31,R3,1170010,KMX,tiingo,OK,Carmax Inc · 후보1→정기보고서 있는 1
KO,1996-01-02,,R1,21344,KO,yfinance,OK,위키 CIK 일치
KORS,2013-11-13,2018-09-19,R2,1530721,CPRI,tiingo,OK,Capri Holdings · 후보2→정기보고서 있는 1
KR,1996-01-02,,R1,56873,KR,yfinance,OK,위키 CIK 일치
KSS,1998-08-14,2020-09-21,R3,885639,KSS,tiingo,OK,Kohl`s Corp · 후보1→정기보고서 있는 1
KSU,2013-05-24,2021-12-14,R3,54480,KSU,tiingo,OK,Kansas City Southern · 후보1→정기보고서 있는 1
KVUE,2023-08-25,,R1,1944048,KVUE,yfinance,OK,위키 CIK 일치
L,1996-01-02,,R1,60086,L,yfinance,OK,위키 CIK 일치
LB,1996-01-02,2021-08-03,R2,701985,BBWI,tiingo,OK,Bath & Body Works · 후보2→정기보고서 있는 1
LDOS,2019-08-09,,R1,1336920,LDOS,yfinance,OK,위키 CIK 일치
LEG,1999-10-18,2021-12-20,R3,58492,LEG,tiingo,OK,Leggett & Platt Inc · 후보1→정기보고서 있는 1
LEN,2005-10-04,,R1,920760,LEN,yfinance,OK,위키 CIK 일치
LH,2004-11-01,,R1,920148,LH,yfinance,OK,위키 CIK 일치
LHX,2019-06-01,,R1,202058,LHX,yfinance,OK,위키 CIK 일치
LII,2024-12-23,,R1,1069202,LII,yfinance,OK,위키 CIK 일치
LIN,2018-11-06,,R1,1707925,LIN,yfinance,OK,위키 CIK 일치
LITE,2026-03-23,,R1,1633978,LITE,yfinance,OK,위키 CIK 일치
LKQ,2016-05-23,2025-12-22,R3,1065696,LKQ,tiingo,OK,LKQ Corp · 후보2→정기보고서 있는 1
LLL,2004-12-01,2019-07-01,R3,1056239,LLL,tiingo,OK,수동: Tiingo 이름=ETF(GraniteShares LLY) · 기간=L3 Technologies(←L-3 Communications Holdings · 2019-06 Harris 합병). 자회사 1039101 아님
LLTC,2000-04-03,2017-03-13,R3,791907,LLTC,tiingo,OK,Linear Technology Corp · 후보1→정기보고서 있는 1
LLY,1996-01-02,,R1,59478,LLY,yfinance,OK,위키 CIK 일치
LM,2006-04-24,2016-12-02,R3,704051,LM,tiingo,OK,Legg Mason Inc · 후보1→정기보고서 있는 1
LMT,1996-01-02,,R1,936468,LMT,yfinance,OK,위키 CIK 일치
LNC,1996-01-02,2023-09-18,R3,59558,LNC,tiingo,OK,Lincoln National Corp · 후보1→정기보고서 있는 1
LNT,2016-07-01,,R1,352541,LNT,yfinance,OK,위키 CIK 일치
LOW,1996-01-02,,R1,60667,LOW,yfinance,OK,위키 CIK 일치
LRCX,2012-06-05,,R1,707549,LRCX,yfinance,OK,위키 CIK 일치
LULU,2023-10-18,,R1,1397187,LULU,yfinance,OK,위키 CIK 일치
LUMN,2020-09-18,2023-03-20,R3,18926,LUMN,tiingo,OK,Lumen Technologies Inc · 후보2→정기보고서 있는 1
LUV,1996-01-02,,R1,92380,LUV,yfinance,OK,위키 CIK 일치
LVLT,2014-11-05,2017-10-13,R3,794323,LVLT,tiingo,OK,Level 3 Communications Inc · 후보2→정기보고서 있는 1
LVS,2019-10-03,,R1,1300514,LVS,yfinance,OK,위키 CIK 일치
LW,2018-12-03,2026-03-23,R3,1679273,LW,tiingo,OK,Lamb Weston Holdings Inc · 후보1→정기보고서 있는 1
LYB,2012-09-05,,R1,1489393,LYB,yfinance,OK,위키 CIK 일치
LYV,2019-12-23,,R1,1335258,LYV,yfinance,OK,위키 CIK 일치
M,1996-01-02,2020-04-06,R3,794367,M,tiingo,OK,Macy`s Inc · 후보1→정기보고서 있는 1
MA,2008-07-18,,R1,1141391,MA,yfinance,OK,위키 CIK 일치
MAA,2016-12-02,,R1,912595,MAA,yfinance,OK,위키 CIK 일치
MAC,2013-05-09,2019-12-23,R3,912242,MAC,tiingo,OK,Macerich Company · 후보1→정기보고서 있는 1
MAR,1998-05-21,,R1,1048286,MAR,yfinance,OK,위키 CIK 일치
MAS,1996-01-02,,R1,62996,MAS,yfinance,OK,위키 CIK 일치
MAT,1996-01-02,2019-06-07,R3,63276,MAT,tiingo,OK,Mattel Inc · 후보2→정기보고서 있는 1
MCD,1996-01-02,,R1,63908,MCD,yfinance,OK,위키 CIK 일치
MCHP,2007-09-07,,R1,827054,MCHP,yfinance,OK,위키 CIK 일치
MCK,1999-01-13,,R1,927653,MCK,yfinance,OK,위키 CIK 일치
MCO,1996-01-02,,R1,1059556,MCO,yfinance,OK,위키 CIK 일치
MDLZ,2007-04-02,,R1,1103982,MDLZ,yfinance,OK,위키 CIK 일치
MDT,1996-01-02,,R1,1613103,MDT,yfinance,OK,위키 CIK 일치
MET,2000-12-11,,R1,1099219,MET,yfinance,OK,위키 CIK 일치
META,2022-06-09,,R1,1326801,META,yfinance,OK,위키 CIK 일치
MGM,2017-07-26,,R1,789570,MGM,yfinance,OK,위키 CIK 일치
MHK,2013-12-23,2025-12-22,R3,851968,MHK,tiingo,OK,Mohawk Industries Inc · 후보1→정기보고서 있는 1
MJN,2009-12-21,2017-06-15,R3,1452575,MJN,tiingo,OK,Mead Johnson Nutrition CO · 후보2→정기보고서 있는 1
MKC,2003-03-21,,R1,63754,MKC,yfinance,OK,위키 CIK 일치
MKTX,2019-07-01,2025-09-22,R3,1278021,MKTX,tiingo,OK,MarketAxess Holdings Inc · 후보3→정기보고서 있는 1
MLM,2014-07-02,,R1,916076,MLM,yfinance,OK,위키 CIK 일치
MMC,1996-01-02,2026-01-14,R2,62709,MRSH,yfinance,OK,Marsh McLennan · 후보1→정기보고서 있는 1
MMM,1996-01-02,,R1,66740,MMM,yfinance,OK,위키 CIK 일치
MNK,2014-08-19,2017-07-26,R5,,,,UNREACHABLE,Tiingo 없음
MNST,2012-06-29,,R1,865752,MNST,yfinance,OK,위키 CIK 일치
MO,1996-01-02,,R1,764180,MO,yfinance,OK,위키 CIK 일치
MOH,2022-03-02,2026-03-23,R3,1179929,MOH,tiingo,OK,Molina Healthcare Inc · 후보1→정기보고서 있는 1
MON,2002-08-14,2018-06-07,R5,,,,UNREACHABLE,Tiingo 기간 2021-03-16~2022-12-23 이 구간을 못 덮음(재사용·잘림)
MOS,2011-09-26,,R1,1285785,MOS,yfinance,OK,위키 CIK 일치
MPC,2011-07-01,,R1,1510295,MPC,yfinance,OK,위키 CIK 일치
MPWR,2021-02-12,,R1,1280452,MPWR,yfinance,OK,위키 CIK 일치
MRK,1996-01-02,,R1,310158,MRK,yfinance,OK,위키 CIK 일치
MRNA,2021-07-21,,R1,1682852,MRNA,yfinance,OK,위키 CIK 일치
MRO,1996-01-02,2024-11-26,R3,101778,MRO,tiingo,OK,Marathon Oil Corporation · 후보2→정기보고서 있는 1
MRSH,2026-01-14,,R1,62709,MRSH,yfinance,OK,위키 CIK 일치
MRVL,2026-06-22,,R1,1835632,MRVL,yfinance,OK,위키 CIK 일치
MS,1996-01-02,,R1,895421,MS,yfinance,OK,위키 CIK 일치
MSCI,2018-04-04,,R1,1408198,MSCI,yfinance,OK,위키 CIK 일치
MSFT,1996-01-02,,R1,789019,MSFT,yfinance,OK,위키 CIK 일치
MSI,1996-01-02,,R1,68505,MSI,yfinance,OK,위키 CIK 일치
MTB,2004-02-27,,R1,36270,MTB,yfinance,OK,위키 CIK 일치
MTCH,2021-09-20,2026-03-23,R3,891103,MTCH,tiingo,OK,Match Group Inc - New · 후보1→정기보고서 있는 1
MTD,2016-09-06,,R1,1037646,MTD,yfinance,OK,위키 CIK 일치
MU,1996-01-02,,R1,723125,MU,yfinance,OK,위키 CIK 일치
MUR,2005-08-15,2017-07-26,R3,717423,MUR,tiingo,OK,Murphy Oil Corp · 후보1→정기보고서 있는 1
MXIM,2018-12-03,2021-08-30,R3,743316,MXIM,tiingo,OK,Maxim Integrated Products Inc · 후보1→정기보고서 있는 1
MYL,2004-04-23,2020-11-17,R3,1623613,MYL,tiingo,OK,Mylan N.V. · 후보1→정기보고서 있는 1
NAVI,2014-05-01,2018-06-05,R3,1593538,NAVI,tiingo,OK,Navient Corp · 후보2→정기보고서 있는 1
NBL,2007-10-08,2020-10-12,R3,72207,NBL,tiingo,OK,Noble Energy Inc · 후보1→정기보고서 있는 1
NCLH,2017-10-13,,R1,1513761,NCLH,yfinance,OK,위키 CIK 일치
NDAQ,2008-10-22,,R1,1120193,NDAQ,yfinance,OK,위키 CIK 일치
NDSN,2022-02-15,,R1,72331,NDSN,yfinance,OK,위키 CIK 일치
NEE,1996-01-02,,R1,753308,NEE,yfinance,OK,위키 CIK 일치
NEM,1996-01-02,,R1,1164727,NEM,yfinance,OK,위키 CIK 일치
NFLX,2010-12-20,,R1,1065280,NFLX,yfinance,OK,위키 CIK 일치
NFX,2010-12-20,2019-02-15,R5,,,,UNREACHABLE,Tiingo 기간 2026-07-07~2026-09-24 이 구간을 못 덮음(재사용·잘림)
NI,2000-11-02,,R1,1111711,NI,yfinance,OK,위키 CIK 일치
NKE,1996-01-02,,R1,320187,NKE,yfinance,OK,위키 CIK 일치
NKTR,2018-03-19,2019-10-03,R3,906709,NKTR,tiingo,OK,Nektar Therapeutics · 후보1→정기보고서 있는 1
NLOK,2019-11-05,2022-11-08,R2,849399,GEN,yfinance,OK,Gen Digital · 후보1→정기보고서 있는 1
NLSN,2013-07-09,2022-10-12,R3,1492633,NLSN,tiingo,OK,Nielsen Holdings plc · 후보3→정기보고서 있는 1
NOC,1996-01-02,,R1,1133421,NOC,yfinance,OK,위키 CIK 일치
NOV,2005-03-14,2021-09-20,R3,1021860,NOV,tiingo,OK,NOV Inc · 후보2→정기보고서 있는 1
NOW,2019-11-21,,R1,1373715,NOW,yfinance,OK,위키 CIK 일치
NRG,2010-01-29,,R1,1013871,NRG,yfinance,OK,위키 CIK 일치
NSC,1996-01-02,,R1,702165,NSC,yfinance,OK,위키 CIK 일치
NTAP,1999-06-25,,R1,1002047,NTAP,yfinance,OK,위키 CIK 일치
NTRS,1998-01-30,,R1,73124,NTRS,yfinance,OK,위키 CIK 일치
NUE,1996-01-02,,R1,73309,NUE,yfinance,OK,위키 CIK 일치
NVDA,2001-11-30,,R1,1045810,NVDA,yfinance,OK,위키 CIK 일치
NVR,2019-09-26,,R1,906163,NVR,yfinance,OK,위키 CIK 일치
NWL,1996-01-02,2023-09-18,R3,814453,NWL,tiingo,OK,Newell Brands Inc · 후보1→정기보고서 있는 1
NWS,2015-09-21,,R1,1564708,NWS,yfinance,OK,위키 CIK 일치
NWSA,2013-07-01,,R1,1564708,NWSA,yfinance,OK,위키 CIK 일치
NXPI,2021-03-22,,R1,1413447,NXPI,yfinance,OK,위키 CIK 일치
O,2015-04-07,,R1,726728,O,yfinance,OK,위키 CIK 일치
ODFL,2019-12-09,,R1,878927,ODFL,yfinance,OK,위키 CIK 일치
OGN,2021-06-04,2023-10-18,R3,1821825,OGN,tiingo,OK,Organon & Company · 후보1→정기보고서 있는 1
OI,2009-01-02,2016-12-02,R3,812074,OI,tiingo,OK,O-I Glass Inc · 후보1→정기보고서 있는 1
OKE,2010-03-15,,R1,1039684,OKE,yfinance,OK,위키 CIK 일치
OMC,1997-12-24,,R1,29989,OMC,yfinance,OK,위키 CIK 일치
ON,2022-06-21,,R1,1097864,ON,yfinance,OK,위키 CIK 일치
ORCL,1996-01-02,,R1,1341439,ORCL,yfinance,OK,위키 CIK 일치
ORLY,2009-03-27,,R1,898173,ORLY,yfinance,OK,위키 CIK 일치
OTIS,2020-04-03,,R1,1781335,OTIS,yfinance,OK,위키 CIK 일치
OXY,1996-01-02,,R1,797468,OXY,yfinance,OK,위키 CIK 일치
PANW,2023-06-20,,R1,1327567,PANW,yfinance,OK,위키 CIK 일치
PARA,2022-02-17,2025-08-08,R3,1826011,PARA,tiingo,OK,Banzai International Inc - Class A · 후보2→정기보고서 있는 1
PAYC,2020-01-28,2026-03-23,R3,1590955,PAYC,tiingo,OK,Paycom Software Inc · 후보1→정기보고서 있는 1
PAYX,1998-10-01,,R1,723531,PAYX,yfinance,OK,위키 CIK 일치
PBCT,2008-11-13,2022-04-04,R3,1378946,PBCT,tiingo,OK,People`s United Financial Inc · 후보1→정기보고서 있는 1
PBI,1996-01-02,2017-03-01,R3,78814,PBI,tiingo,OK,Pitney Bowes Inc · 후보1→정기보고서 있는 1
PCAR,1996-01-02,,R1,75362,PCAR,yfinance,OK,위키 CIK 일치
PCG,1996-01-02,2019-01-18,R3,1004980,PCG,tiingo,OK,PG&E Corp · 후보1→정기보고서 있는 1
PCG,2022-10-03,,R1,1004980,PCG,yfinance,OK,위키 CIK 일치
PCL,2002-01-17,2016-02-22,R3,849213,PCL,tiingo,OK,수동: Tiingo 이름=ETF(PGIM) · 기간=Plum Creek Timber(Weyerhaeuser 2016-02 합병)
PCP,2007-06-01,2016-02-01,R3,79958,PCP,tiingo,OK,Precision Castparts Corp · 후보1→정기보고서 있는 1
PDCO,2005-10-11,2018-03-19,R3,891024,PDCO,tiingo,OK,Patterson Companies Inc · 후보1→정기보고서 있는 1
PEAK,2019-11-05,2024-03-04,R2,765880,DOC,yfinance,OK,Healthpeak Properties · 후보1→정기보고서 있는 1
PEG,1996-01-02,,R1,788784,PEG,yfinance,OK,위키 CIK 일치
PENN,2021-03-22,2022-09-19,R3,921738,PENN,tiingo,OK,PENN Entertainment Inc · 후보1→정기보고서 있는 1
PEP,1996-01-02,,R1,77476,PEP,yfinance,OK,위키 CIK 일치
PFE,1996-01-02,,R1,78003,PFE,yfinance,OK,위키 CIK 일치
PFG,2002-07-22,,R1,1126328,PFG,yfinance,OK,위키 CIK 일치
PG,1996-01-02,,R1,80424,PG,yfinance,OK,위키 CIK 일치
PGR,1997-08-04,,R1,80661,PGR,yfinance,OK,위키 CIK 일치
PH,1996-01-02,,R1,76334,PH,yfinance,OK,위키 CIK 일치
PHM,1996-01-02,,R1,822416,PHM,yfinance,OK,위키 CIK 일치
PKG,2017-07-26,,R1,75677,PKG,yfinance,OK,위키 CIK 일치
PKI,1996-01-02,2023-05-16,R2,31791,RVTY,yfinance,OK,Revvity · 후보1→정기보고서 있는 1
PLD,2003-07-17,,R1,1045609,PLD,yfinance,OK,위키 CIK 일치
PLTR,2024-09-23,,R1,1321655,PLTR,yfinance,OK,위키 CIK 일치
PM,2008-03-31,,R1,1413329,PM,yfinance,OK,위키 CIK 일치
PNC,1996-01-02,,R1,713676,PNC,yfinance,OK,위키 CIK 일치
PNR,2012-10-01,,R1,77360,PNR,yfinance,OK,위키 CIK 일치
PNW,1999-10-04,,R1,764622,PNW,yfinance,OK,위키 CIK 일치
PODD,2023-03-15,,R1,1145197,PODD,yfinance,OK,위키 CIK 일치
POM,2007-11-09,2016-03-24,R5,,,,UNREACHABLE,Tiingo 기간 2025-10-08~2026-09-25 이 구간을 못 덮음(재사용·잘림)
POOL,2020-10-07,2026-06-22,R3,945841,POOL,tiingo,OK,Pool Corporation · 후보2→정기보고서 있는 1
PPG,1996-01-02,,R1,79879,PPG,yfinance,OK,위키 CIK 일치
PPL,1996-01-02,,R1,922224,PPL,yfinance,OK,위키 CIK 일치
PRGO,2011-12-19,2021-09-20,R3,1585364,PRGO,tiingo,OK,Perrigo Company plc · 후보5→정기보고서 있는 1
PRU,2002-07-22,,R1,1137774,PRU,yfinance,OK,위키 CIK 일치
PSA,2005-08-19,,R1,1393311,PSA,yfinance,OK,위키 CIK 일치
PSKY,2025-08-08,,R1,2041610,PSKY,yfinance,OK,위키 CIK 일치
PSX,2012-05-01,,R1,1534701,PSX,yfinance,OK,위키 CIK 일치
PTC,2021-04-20,,R1,857005,PTC,yfinance,OK,위키 CIK 일치
PVH,2013-02-14,2022-09-19,R3,78239,PVH,tiingo,OK,PVH Corp · 후보1→정기보고서 있는 1
PWR,2009-07-01,,R1,1050915,PWR,yfinance,OK,위키 CIK 일치
PX,1996-01-02,2018-10-31,R3,884905,PX,tiingo,OK,Praxair Inc · 후보1→정기보고서 있는 1
PXD,2008-09-24,2024-05-08,R3,1038357,PXD,tiingo,OK,Pioneer Natural Resources Company · 후보1→정기보고서 있는 1
PYPL,2015-07-20,,R1,1633917,PYPL,yfinance,OK,위키 CIK 일치
Q,2025-11-03,,R1,2058873,Q,yfinance,OK,위키 CIK 일치
QCOM,1999-07-22,,R1,804328,QCOM,yfinance,OK,위키 CIK 일치
QRVO,2015-06-12,2024-12-23,R3,1604778,QRVO,tiingo,OK,Qorvo Inc · 후보1→정기보고서 있는 1
R,1996-01-02,2017-06-19,R3,85961,R,tiingo,OK,Ryder System Inc · 후보1→정기보고서 있는 1
RAI,2002-09-04,2017-07-25,R3,1275283,RAI,tiingo,OK,Reynolds American Inc · 후보1→정기보고서 있는 1
RCL,2014-12-05,,R1,884887,RCL,yfinance,OK,위키 CIK 일치
RDDT,2026-08-18,,R1,1713445,RDDT,yfinance,OK,위키 CIK 일치
RE,2017-06-19,2023-07-10,R2,1095073,EG,yfinance,OK,Everest Group · 후보1→정기보고서 있는 1
REG,2017-03-02,,R1,910606,REG,yfinance,OK,위키 CIK 일치
REGN,2013-05-01,,R1,872589,REGN,yfinance,OK,위키 CIK 일치
RF,1998-08-28,,R1,1281761,RF,yfinance,OK,위키 CIK 일치
RHI,2000-12-05,2024-06-24,R3,315213,RHI,tiingo,OK,Robert Half Inc · 후보1→정기보고서 있는 1
RHT,2009-07-27,2019-07-15,R3,1087423,RHT,tiingo,OK,Red Hat Inc · 후보2→정기보고서 있는 1
RIG,2013-10-29,2017-07-26,R3,1451505,RIG,tiingo,OK,Transocean Ltd · 후보3→정기보고서 있는 1
RJF,2017-03-20,,R1,720005,RJF,yfinance,OK,위키 CIK 일치
RL,2007-02-02,,R1,1037038,RL,yfinance,OK,위키 CIK 일치
RMD,2017-07-26,,R1,943819,RMD,yfinance,OK,위키 CIK 일치
ROK,1996-01-02,,R1,1024478,ROK,yfinance,OK,위키 CIK 일치
ROL,2018-10-01,,R1,84839,ROL,yfinance,OK,위키 CIK 일치
ROP,2009-12-23,,R1,882835,ROP,yfinance,OK,위키 CIK 일치
ROST,2009-12-21,,R1,745732,ROST,yfinance,OK,위키 CIK 일치
RRC,2007-12-21,2018-06-18,R3,315852,RRC,tiingo,OK,Range Resources Corp · 후보6→정기보고서 최다 16건(차순 7)
RSG,2008-12-05,,R1,1060391,RSG,yfinance,OK,위키 CIK 일치
RTN,1996-01-02,2020-04-06,R3,1047122,RTN,tiingo,OK,Raytheon Company · 후보2→정기보고서 있는 1
RTX,2020-04-03,,R1,101829,RTX,yfinance,OK,위키 CIK 일치
RVTY,2023-05-16,,R1,31791,RVTY,yfinance,OK,위키 CIK 일치
SATS,2026-03-23,2026-06-24,R5,,,,UNREACHABLE,Tiingo 없음
SBAC,2017-09-01,,R1,1034054,SBAC,yfinance,OK,위키 CIK 일치
SBNY,2021-12-20,2023-03-15,R3,,SBNY,tiingo,PRICE_ONLY,수동: Signature Bank 는 SEC 가 아니라 FDIC 에 공시 — 가격만 · EDGAR 재무 없음
SBUX,2000-06-08,,R1,829224,SBUX,yfinance,OK,위키 CIK 일치
SCG,2009-01-02,2019-01-02,R3,754737,SCG,tiingo,OK,SCANA Corp · 후보2→정기보고서 있는 1
SCHW,1997-06-02,,R1,316709,SCHW,yfinance,OK,위키 CIK 일치
SE,2007-01-03,2017-02-27,R5,,,,UNREACHABLE,Tiingo 기간 2017-10-20~2026-09-25 이 구간을 못 덮음(재사용·잘림)
SEDG,2021-12-20,2023-12-18,R3,1419612,SEDG,tiingo,OK,Solaredge Technologies Inc · 후보1→정기보고서 있는 1
SEE,1998-04-01,2023-12-18,R3,1012100,SEE,tiingo,OK,Sealed Air Corp · 후보1→정기보고서 있는 1
SHW,1996-01-02,,R1,89800,SHW,yfinance,OK,위키 CIK 일치
SIG,2015-07-29,2018-03-19,R3,832988,SIG,tiingo,OK,Signet Jewelers Ltd · 후보1→정기보고서 있는 1
SIVB,2018-03-19,2023-03-15,R4,719739,SIVBQ,tiingo,OK,SVB Financial Group · 후보1→정기보고서 있는 1
SJM,2008-11-06,,R1,91419,SJM,yfinance,OK,위키 CIK 일치
SLB,1996-01-02,,R1,87347,SLB,yfinance,OK,위키 CIK 일치
SLG,2015-03-23,2021-03-22,R3,1040971,SLG,tiingo,OK,SL Green Realty Corp · 후보1→정기보고서 있는 1
SMCI,2024-03-18,,R1,1375365,SMCI,yfinance,OK,위키 CIK 일치
SNA,1996-01-02,,R1,91440,SNA,yfinance,OK,위키 CIK 일치
SNDK,2006-04-20,2016-05-12,R5,,,,UNREACHABLE,Tiingo 기간 2025-02-24~2026-09-25 이 구간을 못 덮음(재사용·잘림)
SNDK,2025-11-28,,R1,2023554,SNDK,yfinance,OK,위키 CIK 일치
SNI,2008-07-01,2018-03-07,R3,1430602,SNI,tiingo,OK,Scripps Networks Interactive Inc · 후보1→정기보고서 있는 1
SNPS,2017-03-16,,R1,883241,SNPS,yfinance,OK,위키 CIK 일치
SO,1996-01-02,,R1,92122,SO,yfinance,OK,위키 CIK 일치
SOLS,2025-10-30,2025-12-22,R3,2064953,SOLS,tiingo,OK,Solstice Advanced Materials Inc · 후보1→정기보고서 있는 1
SOLV,2024-04-01,,R1,1964738,SOLV,yfinance,OK,위키 CIK 일치
SPG,2002-06-26,,R1,1063761,SPG,yfinance,OK,위키 CIK 일치
SPGI,1996-01-02,,R1,64040,SPGI,yfinance,OK,위키 CIK 일치
SPLS,1998-10-07,2017-09-13,R5,,,,UNREACHABLE,Tiingo 기간 2026-01-16~2026-09-25 이 구간을 못 덮음(재사용·잘림)
SRCL,2008-11-19,2018-12-03,R3,861878,SRCL,tiingo,OK,Stericycle Inc · 후보1→정기보고서 있는 1
SRE,1998-06-29,,R1,1032208,SRE,yfinance,OK,위키 CIK 일치
STE,2019-12-23,,R1,1757898,STE,yfinance,OK,위키 CIK 일치
STI,1996-01-02,2019-12-09,R5,,,,UNREACHABLE,Tiingo 기간 2024-02-02~2026-09-25 이 구간을 못 덮음(재사용·잘림)
STJ,1996-01-02,2017-01-05,R3,203077,STJ,tiingo,OK,St Jude Medical Inc · 후보1→정기보고서 있는 1
STLD,2022-12-22,,R1,1022671,STLD,yfinance,OK,위키 CIK 일치
STT,1997-08-18,,R1,93751,STT,yfinance,OK,위키 CIK 일치
STX,2012-07-02,,R1,1137789,STX,yfinance,OK,위키 CIK 일치
STZ,2005-07-05,,R1,16918,STZ,yfinance,OK,위키 CIK 일치
SW,2024-07-08,,R1,2005951,SW,yfinance,OK,위키 CIK 일치
SWK,1996-01-02,,R1,93556,SWK,yfinance,OK,위키 CIK 일치
SWKS,2015-03-12,,R1,4127,SWKS,yfinance,OK,위키 CIK 일치
SWN,2008-06-06,2017-04-04,R3,7332,SWN,tiingo,OK,Southwestern Energy Company · 후보1→정기보고서 있는 1
SYF,2015-11-18,,R1,1601712,SYF,yfinance,OK,위키 CIK 일치
SYK,2000-12-12,,R1,310764,SYK,yfinance,OK,위키 CIK 일치
SYMC,2003-03-31,2019-11-05,R2,849399,GEN,yfinance,OK,Gen Digital · 후보1→정기보고서 있는 1
SYY,1996-01-02,,R1,96021,SYY,yfinance,OK,위키 CIK 일치
T,1996-01-02,,R1,732717,T,yfinance,OK,위키 CIK 일치
TAP,1996-01-02,,R1,24545,TAP,yfinance,OK,위키 CIK 일치
TDC,2007-10-01,2017-06-19,R3,816761,TDC,tiingo,OK,Teradata Corp · 후보1→정기보고서 있는 1
TDG,2016-06-03,,R1,1260221,TDG,yfinance,OK,위키 CIK 일치
TDY,2020-06-22,,R1,1094285,TDY,yfinance,OK,위키 CIK 일치
TE,2001-10-10,2016-07-01,R5,,,,UNREACHABLE,Tiingo 기간 2021-07-08~2026-09-25 이 구간을 못 덮음(재사용·잘림)
TECH,2021-08-30,,R1,842023,TECH,yfinance,OK,위키 CIK 일치
TEL,2011-10-17,,R1,1385157,TEL,yfinance,OK,위키 CIK 일치
TER,2020-09-21,,R1,97210,TER,yfinance,OK,위키 CIK 일치
TFC,2019-12-09,,R1,92230,TFC,yfinance,OK,위키 CIK 일치
TFX,2019-01-18,2025-03-24,R3,96943,TFX,tiingo,OK,Teleflex Incorporated · 후보1→정기보고서 있는 1
TGNA,1996-01-02,2017-06-02,R3,39899,TGNA,tiingo,OK,TEGNA Inc · 후보1→정기보고서 있는 1
TGT,1996-01-02,,R1,27419,TGT,yfinance,OK,위키 CIK 일치
THC,1996-01-02,2016-04-18,R3,70318,THC,tiingo,OK,Tenet Healthcare Corp · 후보1→정기보고서 있는 1
TIF,2000-06-21,2021-01-07,R3,98246,TIF,tiingo,OK,Tiffany & Company · 후보1→정기보고서 있는 1
TJX,1996-01-02,,R1,109198,TJX,yfinance,OK,위키 CIK 일치
TKO,2025-03-24,,R1,1973266,TKO,yfinance,OK,위키 CIK 일치
TMK,1996-01-02,2019-08-08,R2,320335,GL,yfinance,OK,Globe Life · 후보1→정기보고서 있는 1
TMO,1997-01-02,,R1,97745,TMO,yfinance,OK,위키 CIK 일치
TMUS,2019-07-15,,R1,1283699,TMUS,yfinance,OK,위키 CIK 일치
TPL,2024-11-26,,R1,1811074,TPL,yfinance,OK,위키 CIK 일치
TPR,2004-09-01,,R1,1116132,TPR,yfinance,OK,위키 CIK 일치
TRGP,2022-10-12,,R1,1389170,TRGP,yfinance,OK,위키 CIK 일치
TRIP,2011-12-21,2019-12-23,R3,1526520,TRIP,tiingo,OK,TripAdvisor Inc · 후보4→정기보고서 있는 1
TRMB,2021-01-21,,R1,864749,TRMB,yfinance,OK,위키 CIK 일치
TROW,1999-10-13,,R1,1113169,TROW,yfinance,OK,위키 CIK 일치
TRV,1996-01-02,,R1,86312,TRV,yfinance,OK,위키 CIK 일치
TSCO,2014-01-24,,R1,916365,TSCO,yfinance,OK,위키 CIK 일치
TSLA,2020-12-21,,R1,1318605,TSLA,yfinance,OK,위키 CIK 일치
TSN,2005-08-11,,R1,100493,TSN,yfinance,OK,위키 CIK 일치
TSS,2008-01-02,2019-09-23,R3,721683,TSS,tiingo,OK,수동: Tiingo 이름=ETF(GraniteShares TSLA) · 기간=Total System Services(Global Payments 2019-09 합병)
TT,2020-03-03,,R1,1466258,TT,yfinance,OK,위키 CIK 일치
TTD,2025-07-18,,R1,1671933,TTD,yfinance,OK,위키 CIK 일치
TTWO,2018-03-19,,R1,946581,TTWO,yfinance,OK,위키 CIK 일치
TWC,2009-03-30,2016-05-18,R3,1377013,TWC,tiingo,OK,Time Warner Cable Inc · 후보2→정기보고서 있는 1
TWTR,2018-06-07,2022-11-01,R3,1418091,TWTR,tiingo,OK,Twitter Inc · 후보1→정기보고서 있는 1
TWX,1996-01-02,2018-06-15,R3,1105705,TWX,tiingo,OK,Time Warner Inc · 후보1→정기보고서 있는 1
TXN,1996-01-02,,R1,97476,TXN,yfinance,OK,위키 CIK 일치
TXT,1996-01-02,,R1,217346,TXT,yfinance,OK,위키 CIK 일치
TYL,2020-06-22,,R1,860731,TYL,yfinance,OK,위키 CIK 일치
UA,2016-04-08,2022-06-21,R3,1336917,UA,tiingo,OK,Under Armour Inc - Class C · 후보1→정기보고서 있는 1
UAA,2014-05-01,2022-06-21,R3,1336917,UAA,tiingo,OK,Under Armour Inc - Class A · 후보1→정기보고서 있는 1
UAL,2015-09-03,,R1,100517,UAL,yfinance,OK,위키 CIK 일치
UBER,2023-12-18,,R1,1543151,UBER,yfinance,OK,위키 CIK 일치
UDR,2016-03-07,,R1,74208,UDR,yfinance,OK,위키 CIK 일치
UHS,2014-09-22,,R1,352915,UHS,yfinance,OK,위키 CIK 일치
ULTA,2016-04-18,,R1,1403568,ULTA,yfinance,OK,위키 CIK 일치
UNH,1996-01-02,,R1,731766,UNH,yfinance,OK,위키 CIK 일치
UNM,1996-01-02,2021-09-20,R3,5513,UNM,tiingo,OK,Unum Group · 후보1→정기보고서 있는 1
UNP,1996-01-02,,R1,100885,UNP,yfinance,OK,위키 CIK 일치
UPS,2002-07-22,,R1,1090727,UPS,yfinance,OK,위키 CIK 일치
URBN,2010-02-08,2017-03-20,R3,912615,URBN,tiingo,OK,Urban Outfitters Inc · 후보1→정기보고서 있는 1
URI,2014-09-22,,R1,1067701,URI,yfinance,OK,위키 CIK 일치
USB,1996-01-02,,R1,36104,USB,yfinance,OK,위키 CIK 일치
UTX,1996-01-02,2020-04-03,R2,101829,RTX,yfinance,OK,RTX Corp · 후보2→정기보고서 있는 1
V,2009-12-21,,R1,1403161,V,yfinance,OK,위키 CIK 일치
VAR,2007-02-12,2021-04-20,R3,203527,VAR,tiingo,OK,Varian Medical Systems Inc · 후보1→정기보고서 있는 1
VEEV,2026-05-07,,R1,1393052,VEEV,yfinance,OK,위키 CIK 일치
VFC,1996-01-02,2024-04-01,R3,103379,VFC,tiingo,OK,VF Corp · 후보2→정기보고서 있는 1
VIAB,2006-01-03,2019-12-05,R3,1339947,VIAB,tiingo,OK,Viacom Inc · 후보1→정기보고서 있는 1
VIAC,2019-12-05,2022-02-17,R2,813828,,,UNREACHABLE,수동: CBS 와 같음
VICI,2022-06-08,,R1,1705696,VICI,yfinance,OK,위키 CIK 일치
VLO,2004-04-29,,R1,1035002,VLO,yfinance,OK,위키 CIK 일치
VLTO,2023-10-02,,R1,1967680,VLTO,yfinance,OK,위키 CIK 일치
VMC,1999-07-01,,R1,1396009,VMC,yfinance,OK,위키 CIK 일치
VMRK,2026-08-18,,R1,906107,VMRK,yfinance,OK,위키 CIK 일치
VNO,2005-08-12,2023-01-04,R3,899689,VNO,tiingo,OK,Vornado Realty Trust · 후보1→정기보고서 있는 1
VNT,2020-10-12,2021-03-22,R3,1786842,VNT,tiingo,OK,Vontier Corporation · 후보1→정기보고서 있는 1
VRSK,2015-10-08,,R1,1442145,VRSK,yfinance,OK,위키 CIK 일치
VRSN,2006-02-01,,R1,1014473,VRSN,yfinance,OK,위키 CIK 일치
VRT,2026-03-23,,R1,1674101,VRT,yfinance,OK,위키 CIK 일치
VRTX,2013-09-23,,R1,875320,VRTX,yfinance,OK,위키 CIK 일치
VST,2024-05-08,,R1,1692819,VST,yfinance,OK,위키 CIK 일치
VTR,2009-03-04,,R1,740260,VTR,yfinance,OK,위키 CIK 일치
VTRS,2020-11-17,,R1,1792044,VTRS,yfinance,OK,위키 CIK 일치
VZ,1996-01-02,,R1,732712,VZ,yfinance,OK,위키 CIK 일치
WAB,2019-02-27,,R1,943452,WAB,yfinance,OK,위키 CIK 일치
WAT,2002-01-02,,R1,1000697,WAT,yfinance,OK,위키 CIK 일치
WBA,1996-01-02,2025-08-28,R3,1618921,WBA,tiingo,OK,Walgreens Boots Alliance Inc · 후보2→정기보고서 있는 1
WBD,2022-04-11,,R1,1437107,WBD,yfinance,OK,위키 CIK 일치
WCG,2018-09-17,2020-01-28,R3,1279363,WCG,tiingo,OK,WellCare Health Plans Inc · 후보1→정기보고서 있는 1
WDAY,2024-12-23,,R1,1327811,WDAY,yfinance,OK,위키 CIK 일치
WDC,2009-07-01,,R1,106040,WDC,yfinance,OK,위키 CIK 일치
WEC,2008-10-31,,R1,783325,WEC,yfinance,OK,위키 CIK 일치
WELL,2009-01-30,,R1,766704,WELL,yfinance,OK,위키 CIK 일치
WFC,1996-01-02,,R1,72971,WFC,yfinance,OK,위키 CIK 일치
WFM,2006-01-03,2017-08-28,R3,865436,WFM,tiingo,OK,Whole Foods Market Inc · 후보1→정기보고서 있는 1
WHR,1996-01-02,2024-03-18,R3,106640,WHR,tiingo,OK,Whirlpool Corp · 후보2→정기보고서 있는 1
WLTW,2016-01-05,2022-01-10,R2,1140536,WTW,yfinance,OK,Willis Towers Watson · 후보1→정기보고서 있는 1
WM,1998-07-17,,R1,823768,WM,yfinance,OK,위키 CIK 일치
WMB,1996-01-02,,R1,107263,WMB,yfinance,OK,위키 CIK 일치
WMT,1996-01-02,,R1,104169,WMT,yfinance,OK,위키 CIK 일치
WRB,2019-12-05,,R1,11544,WRB,yfinance,OK,위키 CIK 일치
WRK,2015-07-02,2024-07-08,R5,,,,UNREACHABLE,Tiingo 기간 2024-07-05~2024-07-05 이 구간을 못 덮음(재사용·잘림)
WSM,2025-03-24,,R1,719955,WSM,yfinance,OK,위키 CIK 일치
WST,2020-05-22,,R1,105770,WST,yfinance,OK,위키 CIK 일치
WTW,2022-01-10,,R1,1140536,WTW,yfinance,OK,위키 CIK 일치
WU,2006-10-02,2021-12-20,R3,1365135,WU,tiingo,OK,Western Union Company · 후보2→정기보고서 있는 1
WY,1996-01-02,,R1,106535,WY,yfinance,OK,위키 CIK 일치
WYND,2006-08-01,2018-05-31,R2,1361658,TNL,tiingo,OK,Travel + Leisure · 후보1→정기보고서 있는 1
WYNN,2008-11-14,,R1,1174922,WYNN,yfinance,OK,위키 CIK 일치
XEC,2014-06-20,2020-03-03,R3,1168054,XEC,tiingo,OK,Cimarex Energy Company · 후보1→정기보고서 있는 1
XEL,1996-01-02,,R1,72903,XEL,yfinance,OK,위키 CIK 일치
XL,2001-09-04,2018-09-12,R3,875159,XL,tiingo,OK,XL Group plc · 후보1→정기보고서 있는 1
XLNX,1999-11-08,2022-02-15,R3,743988,XLNX,tiingo,OK,Xilinx Inc · 후보1→정기보고서 있는 1
XOM,1996-01-02,,R1,2115436,XOM,yfinance,OK,위키 CIK 일치
XRAY,2008-11-14,2024-04-02,R3,818479,XRAY,tiingo,OK,DENTSPLY Sirona Inc · 후보1→정기보고서 있는 1
XRX,1996-01-02,2021-03-22,R3,108772,XRX,tiingo,OK,Xerox Holdings Corp · 후보2→정기보고서 최다 27건(차순 8)
XYL,2011-11-01,,R1,1524472,XYL,yfinance,OK,위키 CIK 일치
XYZ,2025-07-23,,R1,1512673,XYZ,yfinance,OK,위키 CIK 일치
YUM,1997-10-07,,R1,1041061,YUM,yfinance,OK,위키 CIK 일치
ZBH,2001-08-07,,R1,1136869,ZBH,yfinance,OK,위키 CIK 일치
ZBRA,2019-12-23,,R1,877212,ZBRA,yfinance,OK,위키 CIK 일치
ZION,2001-06-25,2024-03-18,R3,109380,ZION,tiingo,OK,수동: Zions Bancorporation(/UT/ → N.A. 전환 2018 · 같은 CIK 계속)
ZTS,2013-06-24,,R1,1555280,ZTS,yfinance,OK,위키 CIK 일치
