strategy,product,series,timeframe,params,entry,exit,atr,status,reason,years,bars,capital_krw,trade_count,trades_per_year,cagr_gross,cagr_net,sharpe_net,sharpe_gross,sortino_net,calmar_net,mdd_net,mdd_gross,win_rate,profit_factor,avg_win_krw,avg_loss_krw,expectancy_krw,expectancy_pct_cap,total_cost_krw,total_cost_pct_cap,turnover_per_yr,final_equity_net_krw,final_equity_gross_krw
F1,kosdaq150,kosdaq150_day,15m,dn_entry20_exit10_atr2,20.0,10.0,2.0,OK,,1.022,7121,21792000.0,279.0,272.99,-0.4884,-0.5265,-1.508,-1.403,-2.059,-0.836,-0.6301,-0.6034,0.2939,0.734,362878.0,-205898.0,-41731.0,-0.001915,837000.0,0.03841,418.86,10149051.0,10986051.0
F1,kosdaq150,kosdaq150_day,15m,dn_entry20_exit10_atr3,20.0,10.0,3.0,OK,,1.022,7121,21792000.0,257.0,251.46,-0.4938,-0.529,-1.542,-1.439,-2.176,-0.812,-0.6513,-0.6286,0.3346,0.745,371814.0,-250889.0,-45514.0,-0.002089,771000.0,0.03538,384.24,10095007.0,10866007.0
F1,kosdaq150,kosdaq150_day,15m,dn_entry20_exit20_atr2,20.0,20.0,2.0,OK,,1.022,7121,21792000.0,230.0,225.05,-0.5287,-0.5602,-1.258,-1.199,-1.73,-0.82,-0.6835,-0.6614,0.2391,0.711,523200.0,-231232.0,-53825.0,-0.00247,690000.0,0.03166,349.43,9412359.0,10102359.0
F1,kosdaq150,kosdaq150_day,15m,dn_entry20_exit20_atr3,20.0,20.0,3.0,OK,,1.022,7121,21792000.0,204.0,199.61,-0.5227,-0.5506,-1.294,-1.234,-1.803,-0.8,-0.6886,-0.6703,0.2892,0.73,528542.0,-294774.0,-59658.0,-0.002738,612000.0,0.02808,308.97,9621825.0,10233825.0
F1,kosdaq150,kosdaq150_day,15m,dn_entry55_exit10_atr2,55.0,10.0,2.0,OK,,1.022,7121,21792000.0,161.0,157.53,-0.1935,-0.2153,-0.737,-0.652,-1.397,-0.551,-0.3906,-0.3783,0.2671,0.813,433628.0,-194462.0,-29711.0,-0.001363,483000.0,0.02216,241.22,17008482.0,17491482.0
F1,kosdaq150,kosdaq150_day,15m,dn_entry55_exit10_atr3,55.0,10.0,3.0,OK,,1.022,7121,21792000.0,150.0,146.77,-0.1794,-0.1997,-0.652,-0.574,-1.21,-0.511,-0.3908,-0.3796,0.3133,0.831,416574.0,-228798.0,-29581.0,-0.001357,450000.0,0.02065,224.01,17354828.0,17804828.0
F1,kosdaq150,kosdaq150_day,15m,dn_entry55_exit20_atr2,55.0,20.0,2.0,OK,,1.022,7121,21792000.0,132.0,129.16,-0.1088,-0.1267,-0.282,-0.224,-0.541,-0.354,-0.3576,-0.3508,0.2348,0.894,656581.0,-225497.0,-21342.0,-0.000979,396000.0,0.01817,201.22,18974817.0,19370817.0
F1,kosdaq150,kosdaq150_day,15m,dn_entry55_exit20_atr3,55.0,20.0,3.0,OK,,1.022,7121,21792000.0,118.0,115.46,-0.1408,-0.1567,-0.387,-0.334,-0.718,-0.426,-0.3682,-0.3632,0.2966,0.871,601371.0,-291301.0,-29525.0,-0.001355,354000.0,0.01624,178.99,18308024.0,18662024.0
F1,kosdaq150,kosdaq150_day,1h,dn_entry20_exit10_atr2,20.0,10.0,2.0,OK,,1.022,1965,21498000.0,72.0,70.45,-0.3603,-0.3702,-0.825,-0.802,-1.021,-0.732,-0.5054,-0.4992,0.25,0.631,747389.0,-395055.0,-112444.0,-0.00523,216000.0,0.01005,109.83,13402027.0,13618027.0
F1,kosdaq150,kosdaq150_day,1h,dn_entry20_exit10_atr3,20.0,10.0,3.0,OK,,1.022,1965,21498000.0,67.0,65.56,-0.3929,-0.4021,-0.748,-0.732,-0.916,-0.676,-0.5949,-0.5886,0.2687,0.621,780944.0,-462153.0,-131186.0,-0.006102,201000.0,0.00935,102.73,12708518.0,12909518.0
F1,kosdaq150,kosdaq150_day,1h,dn_entry20_exit20_atr2,20.0,20.0,2.0,OK,,1.022,1965,21498000.0,65.0,63.6,-0.4707,-0.4797,-0.954,-0.937,-1.113,-0.817,-0.5873,-0.5815,0.2308,0.549,832467.0,-455282.0,-161109.0,-0.007494,195000.0,0.00907,98.85,11025924.0,11220924.0
F1,kosdaq150,kosdaq150_day,1h,dn_entry20_exit20_atr3,20.0,20.0,3.0,OK,,1.022,1965,21498000.0,57.0,55.77,-0.5133,-0.5212,-0.791,-0.783,-0.931,-0.745,-0.6996,-0.694,0.2807,0.54,822687.0,-594196.0,-199474.0,-0.009279,171000.0,0.00795,86.7,10127962.0,10298962.0
F1,kosdaq150,kosdaq150_day,1h,dn_entry55_exit10_atr2,55.0,10.0,2.0,OK,,1.022,1965,21498000.0,40.0,39.14,-0.2242,-0.2297,-0.633,-0.616,-0.652,-0.57,-0.4032,-0.3997,0.3,0.578,561000.0,-415862.0,-125803.0,-0.005852,120000.0,0.00558,60.81,16465871.0,16585871.0
F1,kosdaq150,kosdaq150_day,1h,dn_entry55_exit10_atr3,55.0,10.0,3.0,OK,,1.022,1965,21498000.0,36.0,35.22,-0.2164,-0.2214,-0.573,-0.558,-0.573,-0.544,-0.4068,-0.4037,0.3333,0.591,570833.0,-483027.0,-134740.0,-0.006268,108000.0,0.00502,55.13,16647347.0,16755347.0
F1,kosdaq150,kosdaq150_day,1h,dn_entry55_exit20_atr2,55.0,20.0,2.0,OK,,1.022,1965,21498000.0,37.0,36.2,-0.4107,-0.4158,-1.154,-1.14,-1.093,-0.752,-0.5529,-0.5494,0.1892,0.398,847143.0,-496872.0,-245599.0,-0.011424,111000.0,0.00516,55.9,12410849.0,12521849.0
F1,kosdaq150,kosdaq150_day,1h,dn_entry55_exit20_atr3,55.0,20.0,3.0,OK,,1.022,1965,21498000.0,33.0,32.29,-0.4715,-0.4761,-1.235,-1.224,-1.191,-0.79,-0.6028,-0.5996,0.2121,0.37,864000.0,-628598.0,-314987.0,-0.014652,99000.0,0.00461,50.27,11103441.0,11202441.0
F1,kosdaq150,kosdaq150_day,5m,dn_entry20_exit10_atr2,20.0,10.0,2.0,OK,,1.022,20375,21792000.0,723.0,707.42,-0.2118,-0.3099,-0.838,-0.541,-1.594,-0.821,-0.3775,-0.3396,0.2545,0.913,266924.0,-99851.0,-9508.0,-0.000436,2169000.0,0.09953,1072.9,14917356.0,17086356.0
F1,kosdaq150,kosdaq150_day,5m,dn_entry20_exit10_atr3,20.0,10.0,3.0,OK,,1.022,20375,21792000.0,667.0,652.63,-0.2346,-0.3251,-0.749,-0.51,-1.337,-0.786,-0.4137,-0.3776,0.2969,0.91,266429.0,-123588.0,-10811.0,-0.000496,2001000.0,0.09182,991.59,14581273.0,16582273.0
F1,kosdaq150,kosdaq150_day,5m,dn_entry20_exit20_atr2,20.0,20.0,2.0,OK,,1.022,20375,21792000.0,619.0,605.67,-0.254,-0.3381,-0.65,-0.463,-1.286,-0.687,-0.4924,-0.4567,0.2229,0.896,350710.0,-112346.0,-12112.0,-0.000556,1857000.0,0.08521,920.44,14294736.0,16151736.0
F1,kosdaq150,kosdaq150_day,5m,dn_entry20_exit20_atr3,20.0,20.0,3.0,OK,,1.022,20375,21792000.0,544.0,532.28,-0.2234,-0.2971,-0.44,-0.295,-0.812,-0.544,-0.5465,-0.5142,0.2757,0.913,345233.0,-144026.0,-12120.0,-0.000556,1632000.0,0.07489,811.29,15198653.0,16830653.0
F1,kosdaq150,kosdaq150_day,5m,dn_entry55_exit10_atr2,55.0,10.0,2.0,OK,,1.022,20375,21792000.0,458.0,448.13,-0.3052,-0.3675,-1.237,-1.025,-2.109,-0.883,-0.4161,-0.3736,0.2511,0.83,288122.0,-116346.0,-17788.0,-0.000816,1374000.0,0.06305,684.65,13645310.0,15019310.0
F1,kosdaq150,kosdaq150_day,5m,dn_entry55_exit10_atr3,55.0,10.0,3.0,OK,,1.022,20375,21792000.0,423.0,413.89,-0.4244,-0.4822,-1.632,-1.446,-2.657,-0.895,-0.539,-0.4968,0.3002,0.787,273898.0,-149277.0,-25224.0,-0.001158,1269000.0,0.05823,632.95,11122071.0,12391071.0
F1,kosdaq150,kosdaq150_day,5m,dn_entry55_exit20_atr2,55.0,20.0,2.0,OK,,1.022,20375,21792000.0,407.0,398.23,-0.3994,-0.4549,-1.327,-1.168,-2.351,-0.838,-0.5426,-0.504,0.2359,0.779,324167.0,-128518.0,-24742.0,-0.001135,1221000.0,0.05603,611.23,11721907.0,12942907.0
F1,kosdaq150,kosdaq150_day,5m,dn_entry55_exit20_atr3,55.0,20.0,3.0,OK,,1.022,20375,21792000.0,362.0,354.2,-0.5479,-0.5976,-1.683,-1.562,-2.896,-0.896,-0.667,-0.6306,0.2762,0.727,322650.0,-169370.0,-36453.0,-0.001673,1086000.0,0.04983,544.97,8596020.0,9682020.0
F1,kosdaq150,kosdaq150_day,day,dn_entry20_exit10_atr2,20.0,10.0,2.0,OK,,1.0212,245,21271000.0,10.0,9.79,-0.3015,-0.3029,-0.67,-0.667,-0.588,-0.574,-0.5272,-0.5263,0.3,0.377,1316333.0,-1496390.0,-655573.0,-0.03082,30000.0,0.00141,16.09,14715267.0,14745267.0
F1,kosdaq150,kosdaq150_day,day,dn_entry20_exit10_atr3,20.0,10.0,3.0,OK,,1.0212,245,21271000.0,7.0,6.85,0.1092,0.1082,0.468,0.471,0.555,0.382,-0.2836,-0.2831,0.4286,1.536,2268667.0,-1107790.0,336263.0,0.015809,21000.0,0.00099,11.03,23624840.0,23645840.0
F1,kosdaq150,kosdaq150_day,day,dn_entry20_exit20_atr2,20.0,20.0,2.0,OK,,1.0212,245,21271000.0,10.0,9.79,-0.3187,-0.3201,-0.642,-0.639,-0.616,-0.579,-0.5525,-0.5515,0.3,0.378,1396333.0,-1583721.0,-692705.0,-0.032566,30000.0,0.00141,16.11,14343953.0,14373953.0
F1,kosdaq150,kosdaq150_day,day,dn_entry20_exit20_atr3,20.0,20.0,3.0,OK,,1.0212,245,21271000.0,7.0,6.85,0.0283,0.0274,0.292,0.294,0.386,0.075,-0.3664,-0.3658,0.4286,1.096,2348667.0,-1607573.0,84959.0,0.003994,21000.0,0.00099,11.0,21865710.0,21886710.0
F1,kosdaq150,kosdaq150_day,day,dn_entry55_exit10_atr2,55.0,10.0,2.0,OK,,1.0212,245,21271000.0,3.0,2.94,0.062,0.0616,0.362,0.363,0.242,0.247,-0.2497,-0.2495,0.6667,1.532,1942000.0,-2536000.0,446333.0,0.020983,9000.0,0.00042,4.6,22610000.0,22619000.0
F1,kosdaq150,kosdaq150_day,day,dn_entry55_exit10_atr3,55.0,10.0,3.0,OK,,1.0212,245,21271000.0,2.0,1.96,0.2014,0.2011,0.794,0.795,0.604,1.048,-0.192,-0.1919,1.0,inf,2192000.0,,2189000.0,0.10291,6000.0,0.00028,3.0,25649000.0,25655000.0
F1,kosdaq150,kosdaq150_day,day,dn_entry55_exit20_atr2,55.0,20.0,2.0,OK,,1.0212,245,21271000.0,3.0,2.94,0.073,0.0726,0.395,0.396,0.293,0.291,-0.2497,-0.2495,0.6667,1.626,2062000.0,-2536000.0,526333.0,0.024744,9000.0,0.00042,4.59,22850000.0,22859000.0
F1,kosdaq150,kosdaq150_day,day,dn_entry55_exit20_atr3,55.0,20.0,3.0,OK,,1.0212,245,21271000.0,2.0,1.96,0.2124,0.2121,0.811,0.812,0.672,1.105,-0.192,-0.1919,1.0,inf,2312000.0,,2309000.0,0.108552,6000.0,0.00028,2.99,25889000.0,25895000.0
F1,kospi200,kospi200_24h,15m,dn_entry20_exit10_atr2,20.0,10.0,2.0,OK,,1.0236,18899,383300000.0,715.0,698.49,-0.472,-0.5202,-1.737,-1.583,-2.093,-0.907,-0.5734,-0.5391,0.2979,0.802,3504930.0,-1853602.0,-283284.0,-0.000739,18590000.0,0.0485,776.43,180751933.0,199341933.0
F1,kospi200,kospi200_24h,15m,dn_entry20_exit10_atr3,20.0,10.0,3.0,OK,,1.0236,18899,383300000.0,653.0,637.92,-0.5749,-0.6191,-1.842,-1.72,-2.052,-0.924,-0.6704,-0.6377,0.343,0.78,3547600.0,-2373641.0,-368465.0,-0.000961,16978000.0,0.04429,710.06,142692606.0,159670606.0
F1,kospi200,kospi200_24h,15m,dn_entry20_exit20_atr2,20.0,20.0,2.0,OK,,1.0236,18899,383300000.0,609.0,594.93,-0.6238,-0.6652,-2.024,-1.906,-2.37,-0.925,-0.7191,-0.6884,0.2529,0.743,4539692.0,-2069255.0,-424027.0,-0.001106,15834000.0,0.04131,661.02,125067274.0,140901274.0
F1,kospi200,kospi200_24h,15m,dn_entry20_exit20_atr3,20.0,20.0,3.0,OK,,1.0236,18899,383300000.0,540.0,527.53,-0.8848,-0.9226,-2.637,-2.524,-2.577,-0.982,-0.94,-0.9098,0.3019,0.684,4527684.0,-2863029.0,-658129.0,-0.001717,14040000.0,0.03663,587.83,27910443.0,41950443.0
F1,kospi200,kospi200_24h,15m,dn_entry55_exit10_atr2,55.0,10.0,2.0,OK,,1.0236,18899,383300000.0,407.0,397.6,-0.2301,-0.2573,-1.123,-1.003,-1.332,-0.714,-0.3604,-0.3468,0.3219,0.836,3495515.0,-1985299.0,-247204.0,-0.000645,10582000.0,0.02761,443.9,282688027.0,293270027.0
F1,kospi200,kospi200_24h,15m,dn_entry55_exit10_atr3,55.0,10.0,3.0,OK,,1.0236,18899,383300000.0,372.0,363.41,-0.3294,-0.3543,-1.488,-1.386,-1.642,-0.791,-0.4479,-0.4343,0.371,0.791,3527627.0,-2630373.0,-371953.0,-0.00097,9672000.0,0.02523,407.51,244933324.0,254605324.0
F1,kospi200,kospi200_24h,15m,dn_entry55_exit20_atr2,55.0,20.0,2.0,OK,,1.0236,18899,383300000.0,351.0,342.89,-0.2566,-0.28,-1.071,-0.98,-1.318,-0.74,-0.3786,-0.3643,0.2821,0.814,4439141.0,-2142162.0,-311897.0,-0.000814,9126000.0,0.02381,380.06,273824073.0,282950073.0
F1,kospi200,kospi200_24h,15m,dn_entry55_exit20_atr3,55.0,20.0,3.0,OK,,1.0236,18899,383300000.0,315.0,307.72,-0.4166,-0.4377,-1.581,-1.508,-1.795,-0.845,-0.5178,-0.5036,0.3333,0.742,4455714.0,-3001653.0,-541864.0,-0.001414,8190000.0,0.02137,344.56,212612841.0,220802841.0
F1,kospi200,kospi200_24h,1h,dn_entry20_exit10_atr2,20.0,10.0,2.0,OK,,1.0237,5095,382450000.0,161.0,157.27,-0.1712,-0.182,-0.472,-0.439,-0.544,-0.519,-0.3508,-0.3445,0.354,0.835,5929167.0,-3892807.0,-441462.0,-0.001154,4186000.0,0.01095,174.93,311374581.0,315560581.0
F1,kospi200,kospi200_24h,1h,dn_entry20_exit10_atr3,20.0,10.0,3.0,OK,,1.0237,5095,382450000.0,151.0,147.5,-0.2112,-0.2212,-0.564,-0.535,-0.62,-0.554,-0.3992,-0.3933,0.3841,0.81,6047845.0,-4658356.0,-572040.0,-0.001496,3926000.0,0.01027,164.44,296071928.0,299997928.0
F1,kospi200,kospi200_24h,1h,dn_entry20_exit20_atr2,20.0,20.0,2.0,OK,,1.0237,5095,382450000.0,132.0,128.94,-0.2551,-0.264,-0.77,-0.743,-0.821,-0.608,-0.4342,-0.4291,0.2955,0.754,7832051.0,-4355002.0,-780282.0,-0.00204,3432000.0,0.00897,147.63,279452790.0,282884790.0
F1,kospi200,kospi200_24h,1h,dn_entry20_exit20_atr3,20.0,20.0,3.0,OK,,1.0237,5095,382450000.0,116.0,113.31,-0.2442,-0.252,-0.692,-0.669,-0.742,-0.586,-0.4297,-0.4253,0.3621,0.774,7785417.0,-5706697.0,-847621.0,-0.002216,3016000.0,0.00789,130.84,284125950.0,287141950.0
F1,kospi200,kospi200_24h,1h,dn_entry55_exit10_atr2,55.0,10.0,2.0,OK,,1.0237,5095,382450000.0,86.0,84.01,0.1177,0.112,0.619,0.647,0.777,0.784,-0.1429,-0.1414,0.3605,1.282,6773790.0,-2979136.0,510454.0,0.001335,2236000.0,0.00585,89.14,426349017.0,428585017.0
F1,kospi200,kospi200_24h,1h,dn_entry55_exit10_atr3,55.0,10.0,3.0,OK,,1.0237,5095,382450000.0,82.0,80.1,0.0687,0.0632,0.385,0.411,0.486,0.381,-0.1661,-0.1647,0.378,1.145,6872177.0,-3649643.0,302118.0,0.00079,2132000.0,0.00557,85.76,407223684.0,409355684.0
F1,kospi200,kospi200_24h,1h,dn_entry55_exit20_atr2,55.0,20.0,2.0,OK,,1.0237,5095,382450000.0,68.0,66.42,0.1327,0.1282,0.703,0.725,0.76,0.721,-0.1778,-0.1766,0.3676,1.359,7873500.0,-3367830.0,739012.0,0.001932,1768000.0,0.00462,73.01,432702830.0,434470830.0
F1,kospi200,kospi200_24h,1h,dn_entry55_exit20_atr3,55.0,20.0,3.0,OK,,1.0237,5095,382450000.0,65.0,63.49,0.0787,0.0744,0.441,0.462,0.504,0.391,-0.1904,-0.1892,0.4,1.178,7862500.0,-4450421.0,448747.0,0.001173,1690000.0,0.00442,69.96,411618564.0,413308564.0
F1,kospi200,kospi200_24h,5m,dn_entry20_exit10_atr2,20.0,10.0,2.0,OK,,1.0236,54664,383387500.0,1832.0,1789.69,0.7793,0.6595,2.413,2.892,4.294,4.986,-0.1323,-0.1211,0.3188,1.26,2555094.0,-948740.0,142203.0,0.000371,47632000.0,0.12424,1982.76,643902667.0,691534667.0
F1,kospi200,kospi200_24h,5m,dn_entry20_exit10_atr3,20.0,10.0,3.0,OK,,1.0236,54664,383387500.0,1703.0,1663.67,0.7734,0.662,2.343,2.771,3.737,6.524,-0.1015,-0.0926,0.3564,1.246,2553851.0,-1135420.0,153546.0,0.0004,44278000.0,0.11549,1845.4,644877123.0,689155123.0
F1,kospi200,kospi200_24h,5m,dn_entry20_exit20_atr2,20.0,20.0,2.0,OK,,1.0236,54664,383387500.0,1560.0,1523.97,0.8309,0.7289,2.312,2.669,4.051,6.005,-0.1214,-0.1109,0.2712,1.282,3532831.0,-1025274.0,184674.0,0.000482,40560000.0,0.10579,1692.17,671478256.0,712038256.0
F1,kospi200,kospi200_24h,5m,dn_entry20_exit20_atr3,20.0,20.0,3.0,OK,,1.0236,54664,383387500.0,1405.0,1372.55,0.718,0.626,1.9,2.198,3.037,4.836,-0.1295,-0.1147,0.3139,1.223,3527579.0,-1319411.0,175958.0,0.000459,36530000.0,0.09528,1524.01,630607972.0,667137972.0
F1,kospi200,kospi200_24h,5m,dn_entry55_exit10_atr2,55.0,10.0,2.0,OK,,1.0236,54664,383387500.0,1116.0,1090.22,0.5,0.4268,1.944,2.292,3.499,3.939,-0.1084,-0.0996,0.3109,1.259,2763184.0,-990352.0,150742.0,0.000393,29016000.0,0.07568,1194.59,551615539.0,580631539.0
F1,kospi200,kospi200_24h,5m,dn_entry55_exit10_atr3,55.0,10.0,3.0,OK,,1.0236,54664,383387500.0,1027.0,1003.28,0.5053,0.4379,1.906,2.211,3.355,5.106,-0.0858,-0.08,0.3554,1.245,2772295.0,-1227422.0,168094.0,0.000438,26702000.0,0.06965,1101.3,556019921.0,582721921.0
F1,kospi200,kospi200_24h,5m,dn_entry55_exit20_atr2,55.0,20.0,2.0,OK,,1.0236,54664,383387500.0,1000.0,976.9,0.3771,0.3113,1.316,1.59,2.435,2.289,-0.136,-0.1266,0.275,1.191,3375227.0,-1075307.0,122590.0,0.00032,26000000.0,0.06782,1072.64,505977086.0,531977086.0
F1,kospi200,kospi200_24h,5m,dn_entry55_exit20_atr3,55.0,20.0,3.0,OK,,1.0236,54664,383387500.0,895.0,874.33,0.263,0.204,0.858,1.082,1.398,1.467,-0.1391,-0.1261,0.3196,1.118,3441040.0,-1446020.0,89655.0,0.000234,23270000.0,0.0607,964.59,463629030.0,486899030.0
F1,kospi200,kospi200_day,15m,dn_entry20_exit10_atr2,20.0,10.0,2.0,OK,,1.022,7110,383300000.0,250.0,244.61,-0.0246,-0.0412,-0.011,0.049,-0.017,-0.199,-0.2065,-0.2023,0.34,0.98,5615735.0,-2951239.0,-64468.0,-0.000168,6500000.0,0.01696,270.65,367183008.0,373683008.0
F1,kospi200,kospi200_day,15m,dn_entry20_exit10_atr3,20.0,10.0,3.0,OK,,1.022,7110,383300000.0,235.0,229.94,-0.1501,-0.1658,-0.403,-0.354,-0.55,-0.509,-0.3259,-0.3171,0.3617,0.891,5655735.0,-3596244.0,-275783.0,-0.000719,6110000.0,0.01594,256.08,318490958.0,324600958.0
F1,kospi200,kospi200_day,15m,dn_entry20_exit20_atr2,20.0,20.0,2.0,OK,,1.022,7110,383300000.0,205.0,200.58,-0.0037,-0.0173,0.114,0.155,0.161,-0.076,-0.2268,-0.2235,0.3171,0.997,7180577.0,-3344147.0,-33040.0,-8.6e-05,5330000.0,0.01391,218.23,376526858.0,381856858.0
F1,kospi200,kospi200_day,15m,dn_entry20_exit20_atr3,20.0,20.0,3.0,OK,,1.022,7110,383300000.0,185.0,181.01,0.0368,0.0245,0.253,0.285,0.352,0.095,-0.258,-0.2523,0.3622,1.03,7294776.0,-4019791.0,51917.0,0.000135,4810000.0,0.01255,198.81,392904658.0,397714658.0
F1,kospi200,kospi200_day,15m,dn_entry55_exit10_atr2,55.0,10.0,2.0,OK,,1.022,7110,383300000.0,150.0,146.77,-0.1755,-0.1855,-0.9,-0.849,-1.2,-0.573,-0.3238,-0.3197,0.3133,0.79,5479787.0,-3166627.0,-483418.0,-0.001261,3900000.0,0.01017,165.81,310787375.0,314687375.0
F1,kospi200,kospi200_day,15m,dn_entry55_exit10_atr3,55.0,10.0,3.0,OK,,1.022,7110,383300000.0,140.0,136.98,-0.2759,-0.2853,-1.329,-1.285,-1.575,-0.737,-0.3872,-0.3815,0.3429,0.71,5488802.0,-4034734.0,-795522.0,-0.002075,3640000.0,0.0095,155.86,271926964.0,275566964.0
F1,kospi200,kospi200_day,15m,dn_entry55_exit20_atr2,55.0,20.0,2.0,OK,,1.022,7110,383300000.0,123.0,120.35,-0.173,-0.1812,-0.711,-0.675,-0.919,-0.475,-0.3819,-0.3791,0.2764,0.789,7429412.0,-3598207.0,-575922.0,-0.001503,3198000.0,0.00834,134.56,312461543.0,315659543.0
F1,kospi200,kospi200_day,15m,dn_entry55_exit20_atr3,55.0,20.0,3.0,OK,,1.022,7110,383300000.0,110.0,107.63,-0.1982,-0.2055,-0.702,-0.674,-0.926,-0.488,-0.4216,-0.4189,0.3455,0.781,7286842.0,-4921728.0,-730222.0,-0.001905,2860000.0,0.00746,121.82,302975605.0,305835605.0
F1,kospi200,kospi200_day,1h,dn_entry20_exit10_atr2,20.0,10.0,2.0,OK,,1.022,1965,382037500.0,57.0,55.77,0.0487,0.0449,0.312,0.328,0.358,0.18,-0.2495,-0.2483,0.3509,1.08,12808125.0,-6409468.0,307547.0,0.000805,1482000.0,0.00388,63.81,399567698.0,401049698.0
F1,kospi200,kospi200_day,1h,dn_entry20_exit10_atr3,20.0,10.0,3.0,OK,,1.022,1965,382037500.0,55.0,53.82,-0.0922,-0.0958,-0.255,-0.241,-0.296,-0.304,-0.3154,-0.314,0.3636,0.878,12890000.0,-8392667.0,-679516.0,-0.001779,1430000.0,0.00374,62.16,344664138.0,346094138.0
F1,kospi200,kospi200_day,1h,dn_entry20_exit20_atr2,20.0,20.0,2.0,OK,,1.022,1965,382037500.0,51.0,49.9,0.0077,0.0043,0.159,0.171,0.183,0.017,-0.251,-0.2497,0.3333,1.014,13124265.0,-6474274.0,32572.0,8.5e-05,1326000.0,0.00347,56.79,383698685.0,385024685.0
F1,kospi200,kospi200_day,1h,dn_entry20_exit20_atr3,20.0,20.0,3.0,OK,,1.022,1965,382037500.0,45.0,44.03,0.1167,0.1137,0.519,0.528,0.647,0.546,-0.2082,-0.2075,0.3556,1.195,17504688.0,-8084685.0,987759.0,0.002586,1170000.0,0.00306,49.21,426486638.0,427656638.0
F1,kospi200,kospi200_day,1h,dn_entry55_exit10_atr2,55.0,10.0,2.0,OK,,1.022,1965,382037500.0,33.0,32.29,-0.0226,-0.0248,-0.028,-0.016,-0.021,-0.105,-0.2371,-0.2362,0.3636,0.941,11827083.0,-7178892.0,-293628.0,-0.000769,858000.0,0.00225,37.58,372347761.0,373205761.0
F1,kospi200,kospi200_day,1h,dn_entry55_exit10_atr3,55.0,10.0,3.0,OK,,1.022,1965,382037500.0,31.0,30.33,-0.0532,-0.0552,-0.166,-0.156,-0.125,-0.226,-0.2449,-0.2441,0.3871,0.872,11827083.0,-8561799.0,-695328.0,-0.00182,806000.0,0.00211,35.05,360482327.0,361288327.0
F1,kospi200,kospi200_day,1h,dn_entry55_exit20_atr2,55.0,20.0,2.0,OK,,1.022,1965,382037500.0,29.0,28.38,-0.0735,-0.0754,-0.259,-0.25,-0.198,-0.274,-0.2755,-0.2746,0.2414,0.828,19782143.0,-7597875.0,-1014905.0,-0.002657,754000.0,0.00197,32.75,352605256.0,353359256.0
F1,kospi200,kospi200_day,1h,dn_entry55_exit20_atr3,55.0,20.0,3.0,OK,,1.022,1965,382037500.0,27.0,26.42,-0.0657,-0.0675,-0.18,-0.173,-0.15,-0.268,-0.2521,-0.2513,0.2593,0.844,19782143.0,-8205683.0,-975580.0,-0.002554,702000.0,0.00184,30.19,355696836.0,356398836.0
F1,kospi200,kospi200_day,5m,dn_entry20_exit10_atr2,20.0,10.0,2.0,OK,,1.022,20338,383387500.0,652.0,637.95,0.4065,0.3635,1.371,1.528,2.232,2.877,-0.1264,-0.1222,0.319,1.214,4367187.0,-1685735.0,219259.0,0.000572,16952000.0,0.04422,706.72,526344215.0,543296215.0
F1,kospi200,kospi200_day,5m,dn_entry20_exit10_atr3,20.0,10.0,3.0,OK,,1.022,20338,383387500.0,618.0,604.69,0.3606,0.3199,1.187,1.329,1.845,2.038,-0.157,-0.1517,0.3479,1.178,4357674.0,-1972959.0,203446.0,0.000531,16068000.0,0.04191,668.8,509116842.0,525184842.0
F1,kospi200,kospi200_day,5m,dn_entry20_exit20_atr2,20.0,20.0,2.0,OK,,1.022,20338,383387500.0,538.0,526.41,0.6309,0.5956,1.91,2.029,3.257,4.753,-0.1253,-0.1207,0.2937,1.349,6077057.0,-1872453.0,436162.0,0.001138,13988000.0,0.03649,582.17,618042468.0,632030468.0
F1,kospi200,kospi200_day,5m,dn_entry20_exit20_atr3,20.0,20.0,3.0,OK,,1.022,20338,383387500.0,498.0,487.27,0.4591,0.4263,1.361,1.462,2.146,3.59,-0.1188,-0.1146,0.3293,1.226,5986128.0,-2398319.0,336824.0,0.000879,12948000.0,0.03377,539.76,551125989.0,564073989.0
F1,kospi200,kospi200_day,5m,dn_entry55_exit10_atr2,55.0,10.0,2.0,OK,,1.022,20338,383387500.0,404.0,395.3,0.0248,-0.002,0.104,0.226,0.159,-0.013,-0.1497,-0.1439,0.3069,1.019,4247077.0,-1846097.0,-1915.0,-5e-06,10504000.0,0.0274,436.6,382613844.0,393117844.0
F1,kospi200,kospi200_day,5m,dn_entry55_exit10_atr3,55.0,10.0,3.0,OK,,1.022,20338,383387500.0,378.0,369.86,0.072,0.047,0.318,0.422,0.48,0.292,-0.1608,-0.1528,0.3466,1.053,4318225.0,-2175891.0,48715.0,0.000127,9828000.0,0.02563,408.24,401801888.0,411629888.0
F1,kospi200,kospi200_day,5m,dn_entry55_exit20_atr2,55.0,20.0,2.0,OK,,1.022,20338,383387500.0,356.0,348.33,0.0098,-0.0138,0.061,0.161,0.095,-0.083,-0.1655,-0.1603,0.2978,1.008,4807193.0,-2022831.0,-15172.0,-4e-05,9256000.0,0.02414,386.98,377986300.0,387242300.0
F1,kospi200,kospi200_day,5m,dn_entry55_exit20_atr3,55.0,20.0,3.0,OK,,1.022,20338,383387500.0,320.0,313.11,0.0382,0.017,0.198,0.28,0.303,0.098,-0.1735,-0.1676,0.3469,1.028,5010135.0,-2589230.0,20799.0,5.4e-05,8320000.0,0.0217,349.85,390043336.0,398363336.0
F1,kospi200,kospi200_day,day,dn_entry20_exit10_atr2,20.0,10.0,2.0,OK,,1.0212,245,372625000.0,6.0,5.88,0.264,0.2636,1.015,1.016,1.055,1.578,-0.1671,-0.167,0.5,3.503,46979167.0,-13411001.0,16758083.0,0.044973,156000.0,0.00042,6.32,473173496.0,473329496.0
F1,kospi200,kospi200_day,day,dn_entry20_exit10_atr3,20.0,10.0,3.0,OK,,1.0212,245,372625000.0,6.0,5.88,0.262,0.2616,1.007,1.008,1.048,1.564,-0.1673,-0.1672,0.5,3.439,46979167.0,-13662500.0,16632333.0,0.044636,156000.0,0.00042,6.32,472419000.0,472575000.0
F1,kospi200,kospi200_day,day,dn_entry20_exit20_atr2,20.0,20.0,2.0,OK,,1.0212,245,372625000.0,6.0,5.88,0.1762,0.1758,0.685,0.686,0.793,0.7,-0.2511,-0.251,0.6667,3.286,24137500.0,-14691502.0,11168499.0,0.029972,156000.0,0.00042,6.13,439635996.0,439791996.0
F1,kospi200,kospi200_day,day,dn_entry20_exit20_atr3,20.0,20.0,3.0,OK,,1.0212,245,372625000.0,6.0,5.88,0.1517,0.1513,0.611,0.612,0.732,0.592,-0.2555,-0.2554,0.6667,2.494,24137500.0,-19358005.0,9612998.0,0.025798,156000.0,0.00042,6.16,430302990.0,430458990.0
F1,kospi200,kospi200_day,day,dn_entry55_exit10_atr2,55.0,10.0,2.0,OK,,1.0212,245,372625000.0,3.0,2.94,0.2236,0.2234,0.973,0.974,0.75,1.244,-0.1796,-0.1795,0.6667,3.333,60925000.0,-36562500.0,28403167.0,0.076225,78000.0,0.00021,3.74,457834500.0,457912500.0
F1,kospi200,kospi200_day,day,dn_entry55_exit10_atr3,55.0,10.0,3.0,OK,,1.0212,245,372625000.0,3.0,2.94,0.2236,0.2234,0.973,0.974,0.75,1.244,-0.1796,-0.1795,0.6667,3.333,60925000.0,-36562500.0,28403167.0,0.076225,78000.0,0.00021,3.74,457834500.0,457912500.0
F1,kospi200,kospi200_day,day,dn_entry55_exit20_atr2,55.0,20.0,2.0,OK,,1.0212,245,372625000.0,3.0,2.94,0.0769,0.0767,0.416,0.416,0.376,0.284,-0.2699,-0.2698,0.6667,1.719,35031250.0,-40762500.0,9740667.0,0.026141,78000.0,0.00021,3.61,401847000.0,401925000.0
F1,kospi200,kospi200_day,day,dn_entry55_exit20_atr3,55.0,20.0,3.0,OK,,1.0212,245,372625000.0,3.0,2.94,0.1358,0.1356,0.602,0.602,0.573,0.52,-0.2607,-0.2606,0.6667,3.826,35031250.0,-18312500.0,17224000.0,0.046223,78000.0,0.00021,3.55,424297000.0,424375000.0
F1,ktb10,ktb10_day,15m,dn_entry20_exit10_atr2,20.0,10.0,2.0,OK,,1.022,7087,119360000.0,245.0,239.73,-0.0171,-0.0594,-1.187,-0.334,-1.864,-0.564,-0.1053,-0.0737,0.3347,0.93,338415.0,-183070.0,-29532.0,-0.000247,5145000.0,0.0431,445.11,112124606.0,117269606.0
F1,ktb10,ktb10_day,15m,dn_entry20_exit10_atr3,20.0,10.0,3.0,OK,,1.022,7087,119360000.0,225.0,220.16,-0.0102,-0.0489,-0.918,-0.174,-1.352,-0.458,-0.1069,-0.0867,0.3867,0.961,348276.0,-228565.0,-26520.0,-0.000222,4725000.0,0.03959,408.9,113393013.0,118118013.0
F1,ktb10,ktb10_day,15m,dn_entry20_exit20_atr2,20.0,20.0,2.0,OK,,1.022,7087,119360000.0,211.0,206.46,-0.0303,-0.0666,-1.196,-0.544,-1.929,-0.535,-0.1246,-0.0967,0.2701,0.878,467719.0,-197095.0,-38501.0,-0.000323,4431000.0,0.03712,384.02,111236366.0,115667366.0
F1,ktb10,ktb10_day,15m,dn_entry20_exit20_atr3,20.0,20.0,3.0,OK,,1.022,7087,119360000.0,191.0,186.89,-0.0408,-0.0737,-1.232,-0.685,-1.871,-0.574,-0.1285,-0.1109,0.3403,0.851,436462.0,-264603.0,-47021.0,-0.000394,4011000.0,0.0336,347.56,110379062.0,114390062.0
F1,ktb10,ktb10_day,15m,dn_entry55_exit10_atr2,55.0,10.0,2.0,OK,,1.022,7087,119360000.0,141.0,137.97,-0.0099,-0.0342,-0.958,-0.27,-1.668,-0.692,-0.0495,-0.0351,0.3404,0.929,328958.0,-182820.0,-29598.0,-0.000248,2961000.0,0.02481,256.15,115186725.0,118147725.0
F1,ktb10,ktb10_day,15m,dn_entry55_exit10_atr3,55.0,10.0,3.0,OK,,1.022,7087,119360000.0,129.0,126.22,0.0036,-0.0186,-0.48,0.117,-0.809,-0.344,-0.054,-0.0419,0.4031,1.026,337692.0,-222333.0,-17587.0,-0.000147,2709000.0,0.0227,234.56,117091341.0,119800341.0
F1,ktb10,ktb10_day,15m,dn_entry55_exit20_atr2,55.0,20.0,2.0,OK,,1.022,7087,119360000.0,125.0,122.31,-0.0372,-0.0587,-1.482,-0.946,-2.519,-0.698,-0.0842,-0.0674,0.288,0.752,382222.0,-205560.0,-57279.0,-0.00048,2625000.0,0.02199,226.97,112200142.0,114825142.0
F1,ktb10,ktb10_day,15m,dn_entry55_exit20_atr3,55.0,20.0,3.0,OK,,1.022,7087,119360000.0,111.0,108.61,-0.028,-0.0472,-1.048,-0.622,-1.777,-0.552,-0.0855,-0.0746,0.3604,0.825,404250.0,-275901.0,-51801.0,-0.000434,2331000.0,0.01953,201.88,113610034.0,115941034.0
F1,ktb10,ktb10_day,1h,dn_entry20_exit10_atr2,20.0,10.0,2.0,OK,,1.0219,1927,119360000.0,58.0,56.76,0.0464,0.0364,0.782,0.996,1.376,1.248,-0.0292,-0.027,0.4828,1.571,556429.0,-330603.0,76619.0,0.000642,1218000.0,0.0102,105.27,123803907.0,125021907.0
F1,ktb10,ktb10_day,1h,dn_entry20_exit10_atr3,20.0,10.0,3.0,OK,,1.0219,1927,119360000.0,56.0,54.8,0.0356,0.026,0.555,0.755,1.002,0.866,-0.03,-0.0286,0.5,1.38,563929.0,-408631.0,56649.0,0.000475,1176000.0,0.00985,101.68,122532331.0,123708331.0
F1,ktb10,ktb10_day,1h,dn_entry20_exit20_atr2,20.0,20.0,2.0,OK,,1.0219,1927,119360000.0,51.0,49.91,0.0381,0.0293,0.591,0.766,0.927,0.775,-0.0378,-0.0356,0.3529,1.415,880556.0,-339500.0,70108.0,0.000587,1071000.0,0.00897,92.68,122935502.0,124006502.0
F1,ktb10,ktb10_day,1h,dn_entry20_exit20_atr3,20.0,20.0,3.0,OK,,1.0219,1927,119360000.0,48.0,46.97,0.0205,0.0122,0.257,0.414,0.41,0.252,-0.0484,-0.0438,0.375,1.18,909444.0,-462415.0,31032.0,0.00026,1008000.0,0.00845,87.36,120849541.0,121857541.0
F1,ktb10,ktb10_day,1h,dn_entry55_exit10_atr2,55.0,10.0,2.0,OK,,1.0219,1927,119360000.0,34.0,33.27,0.0134,0.0075,0.22,0.377,0.34,0.254,-0.0297,-0.0266,0.4118,1.246,592143.0,-332766.0,27079.0,0.000227,714000.0,0.00598,61.54,120280678.0,120994678.0
F1,ktb10,ktb10_day,1h,dn_entry55_exit10_atr3,55.0,10.0,3.0,OK,,1.0219,1927,119360000.0,33.0,32.29,0.0123,0.0067,0.194,0.344,0.303,0.211,-0.0316,-0.0295,0.4545,1.218,561333.0,-384203.0,24586.0,0.000206,693000.0,0.00581,59.73,120171348.0,120864348.0
F1,ktb10,ktb10_day,1h,dn_entry55_exit20_atr2,55.0,20.0,2.0,OK,,1.0219,1927,119360000.0,31.0,30.34,0.0111,0.0057,0.162,0.294,0.235,0.153,-0.0374,-0.0353,0.2903,1.165,1057778.0,-371334.0,22570.0,0.000189,651000.0,0.00545,56.22,120059658.0,120710658.0
F1,ktb10,ktb10_day,1h,dn_entry55_exit20_atr3,55.0,20.0,3.0,OK,,1.0219,1927,119360000.0,28.0,27.4,0.0127,0.0079,0.213,0.33,0.315,0.196,-0.0405,-0.0386,0.3214,1.188,1092222.0,-435552.0,34519.0,0.000289,588000.0,0.00493,50.74,120326520.0,120914520.0
F1,ktb10,ktb10_day,5m,dn_entry20_exit10_atr2,20.0,10.0,2.0,OK,,1.022,20281,119360000.0,644.0,630.14,0.0166,-0.0944,-1.908,0.409,-3.127,-0.865,-0.1091,-0.0303,0.3059,1.045,238020.0,-100367.0,-17854.0,-0.00015,13524000.0,0.1133,1170.66,107861745.0,121385745.0
F1,ktb10,ktb10_day,5m,dn_entry20_exit10_atr3,20.0,10.0,3.0,OK,,1.022,20281,119360000.0,602.0,589.05,-0.0017,-0.1055,-2.08,-0.002,-3.378,-0.868,-0.1215,-0.0386,0.3439,0.996,235894.0,-124143.0,-21343.0,-0.000179,12642000.0,0.10591,1093.81,106511579.0,119153579.0
F1,ktb10,ktb10_day,5m,dn_entry20_exit20_atr2,20.0,20.0,2.0,OK,,1.022,20281,119360000.0,551.0,539.15,0.0012,-0.0938,-1.741,0.07,-2.956,-0.874,-0.1073,-0.0389,0.274,1.003,299603.0,-112744.0,-20741.0,-0.000174,11571000.0,0.09694,999.86,107931441.0,119502441.0
F1,ktb10,ktb10_day,5m,dn_entry20_exit20_atr3,20.0,20.0,3.0,OK,,1.022,20281,119360000.0,489.0,478.48,-0.0067,-0.091,-1.654,-0.096,-2.713,-0.802,-0.1135,-0.0635,0.3252,0.983,303396.0,-148675.0,-22683.0,-0.00019,10269000.0,0.08603,886.92,108268184.0,118537184.0
F1,ktb10,ktb10_day,5m,dn_entry55_exit10_atr2,55.0,10.0,2.0,OK,,1.022,20281,119360000.0,401.0,392.37,-0.0053,-0.0744,-1.806,-0.114,-3.008,-0.78,-0.0953,-0.0507,0.3067,0.979,244715.0,-110588.0,-22605.0,-0.000189,8421000.0,0.07055,729.39,110295404.0,118716404.0
F1,ktb10,ktb10_day,5m,dn_entry55_exit10_atr3,55.0,10.0,3.0,OK,,1.022,20281,119360000.0,370.0,362.04,-0.0099,-0.0737,-1.675,-0.213,-2.679,-0.758,-0.0972,-0.0643,0.3514,0.964,245769.0,-138156.0,-24263.0,-0.000203,7770000.0,0.0651,672.95,110382533.0,118152533.0
F1,ktb10,ktb10_day,5m,dn_entry55_exit20_atr2,55.0,20.0,2.0,OK,,1.022,20281,119360000.0,353.0,345.41,-0.0265,-0.0874,-1.994,-0.611,-3.304,-0.798,-0.1096,-0.0623,0.2805,0.898,288687.0,-125266.0,-30172.0,-0.000253,7413000.0,0.06211,641.23,108709311.0,116122311.0
F1,ktb10,ktb10_day,5m,dn_entry55_exit20_atr3,55.0,20.0,3.0,OK,,1.022,20281,119360000.0,316.0,309.2,-0.0313,-0.0857,-1.859,-0.683,-2.957,-0.732,-0.1172,-0.0741,0.3291,0.89,296154.0,-163264.0,-33064.0,-0.000277,6636000.0,0.0556,574.02,108911927.0,115547927.0
F1,ktb10,ktb10_day,day,dn_entry20_exit10_atr2,20.0,10.0,2.0,OK,,1.0212,245,119360000.0,7.0,6.85,0.0106,0.0094,0.229,0.256,0.262,0.234,-0.0404,-0.0399,0.2857,1.254,3200000.0,-1020426.0,164410.0,0.001377,147000.0,0.00123,12.81,120510869.0,120657869.0
F1,ktb10,ktb10_day,day,dn_entry20_exit10_atr3,20.0,10.0,3.0,OK,,1.0212,245,119360000.0,6.0,5.88,0.016,0.015,0.338,0.359,0.418,0.322,-0.0464,-0.0461,0.3333,1.347,3785000.0,-1405000.0,304000.0,0.002547,126000.0,0.00106,10.86,121184000.0,121310000.0
F1,ktb10,ktb10_day,day,dn_entry20_exit20_atr2,20.0,20.0,2.0,OK,,1.0212,245,119360000.0,6.0,5.88,0.0039,0.0029,0.085,0.106,0.106,0.059,-0.0488,-0.0483,0.3333,1.094,2770000.0,-1265533.0,58645.0,0.000491,126000.0,0.00106,10.98,119711869.0,119837869.0
F1,ktb10,ktb10_day,day,dn_entry20_exit20_atr3,20.0,20.0,3.0,OK,,1.0212,245,119360000.0,4.0,3.92,0.0249,0.0242,0.495,0.509,0.686,0.442,-0.0547,-0.0543,0.5,1.752,3530000.0,-2015000.0,736500.0,0.00617,84000.0,0.0007,7.24,122306000.0,122390000.0
F1,ktb10,ktb10_day,day,dn_entry55_exit10_atr2,55.0,10.0,2.0,OK,,1.0212,245,119360000.0,3.0,2.94,-0.0006,-0.0011,-0.008,0.005,-0.008,-0.034,-0.0316,-0.0313,0.3333,0.963,1810000.0,-940000.0,-44333.0,-0.000371,63000.0,0.00053,5.39,119227000.0,119290000.0
F1,ktb10,ktb10_day,day,dn_entry55_exit10_atr3,55.0,10.0,3.0,OK,,1.0212,245,119360000.0,3.0,2.94,0.0018,0.0013,0.054,0.067,0.049,0.044,-0.0292,-0.0291,0.3333,1.138,1810000.0,-795000.0,52333.0,0.000438,63000.0,0.00053,5.38,119517000.0,119580000.0
F1,ktb10,ktb10_day,day,dn_entry55_exit20_atr2,55.0,20.0,2.0,OK,,1.0212,245,119360000.0,3.0,2.94,-0.0217,-0.0222,-0.534,-0.522,-0.512,-0.541,-0.041,-0.0406,0.3333,0.123,370000.0,-1505000.0,-901000.0,-0.007549,63000.0,0.00053,5.41,116657000.0,116720000.0
F1,ktb10,ktb10_day,day,dn_entry55_exit20_atr3,55.0,20.0,3.0,OK,,1.0212,245,119360000.0,2.0,1.96,0.0094,0.0091,0.236,0.244,0.251,0.236,-0.0386,-0.0384,0.5,1.983,2320000.0,-1170000.0,554000.0,0.004641,42000.0,0.00035,3.62,120468000.0,120510000.0
F1,ktb3,ktb3_day,15m,dn_entry20_exit10_atr2,20.0,10.0,2.0,OK,,1.022,7087,107490000.0,217.0,212.33,-0.0234,-0.0649,-3.404,-1.29,-5.048,-0.886,-0.0732,-0.0445,0.2903,0.744,118730.0,-65248.0,-32835.0,-0.000305,4557000.0,0.04239,413.22,100364741.0,104921741.0
F1,ktb3,ktb3_day,15m,dn_entry20_exit10_atr3,20.0,10.0,3.0,OK,,1.022,7087,107490000.0,200.0,195.7,-0.0307,-0.069,-3.172,-1.478,-4.297,-0.839,-0.0822,-0.0562,0.325,0.706,124308.0,-84815.0,-37850.0,-0.000352,4200000.0,0.03907,380.85,99920025.0,104120025.0
F1,ktb3,ktb3_day,15m,dn_entry20_exit20_atr2,20.0,20.0,2.0,OK,,1.022,7087,107490000.0,190.0,185.91,-0.0241,-0.0604,-2.923,-1.23,-4.487,-0.867,-0.0697,-0.0425,0.2474,0.728,150638.0,-67994.0,-34911.0,-0.000325,3990000.0,0.03712,361.76,100856924.0,104846924.0
F1,ktb3,ktb3_day,15m,dn_entry20_exit20_atr3,20.0,20.0,3.0,OK,,1.022,7087,107490000.0,174.0,170.26,-0.0397,-0.073,-3.152,-1.802,-4.432,-0.859,-0.0849,-0.0607,0.2874,0.635,151800.0,-96325.0,-46025.0,-0.000428,3654000.0,0.03399,331.22,99481731.0,103135731.0
F1,ktb3,ktb3_day,15m,dn_entry55_exit10_atr2,55.0,10.0,2.0,OK,,1.022,7087,107490000.0,129.0,126.22,-0.0124,-0.037,-2.647,-0.911,-4.588,-0.935,-0.0396,-0.0205,0.2558,0.757,127879.0,-58102.0,-31525.0,-0.000293,2709000.0,0.0252,245.69,103423228.0,106132228.0
F1,ktb3,ktb3_day,15m,dn_entry55_exit10_atr3,55.0,10.0,3.0,OK,,1.022,7087,107490000.0,121.0,118.4,-0.0163,-0.0394,-2.576,-1.094,-3.876,-0.935,-0.0422,-0.0259,0.2727,0.708,130909.0,-69374.0,-35751.0,-0.000333,2541000.0,0.02364,230.3,103164094.0,105705094.0
F1,ktb3,ktb3_day,15m,dn_entry55_exit20_atr2,55.0,20.0,2.0,OK,,1.022,7087,107490000.0,118.0,115.46,-0.0175,-0.04,-2.533,-1.145,-3.997,-0.922,-0.0434,-0.0258,0.2373,0.672,140357.0,-64973.0,-37251.0,-0.000347,2478000.0,0.02305,224.75,103094407.0,105572407.0
F1,ktb3,ktb3_day,15m,dn_entry55_exit20_atr3,55.0,20.0,3.0,OK,,1.022,7087,107490000.0,106.0,103.72,-0.0175,-0.0378,-2.204,-1.055,-3.485,-0.885,-0.0427,-0.0281,0.2736,0.693,150000.0,-81513.0,-39174.0,-0.000364,2226000.0,0.02071,201.8,103337522.0,105563522.0
F1,ktb3,ktb3_day,1h,dn_entry20_exit10_atr2,20.0,10.0,2.0,OK,,1.0219,1927,107470000.0,62.0,60.67,0.0,-0.0119,-0.613,0.01,-1.011,-0.508,-0.0233,-0.0175,0.3387,1.0,216667.0,-110972.0,-20997.0,-0.000195,1302000.0,0.01212,118.03,106168158.0,107470158.0
F1,ktb3,ktb3_day,1h,dn_entry20_exit10_atr3,20.0,10.0,3.0,OK,,1.0219,1927,107470000.0,59.0,57.74,-0.0003,-0.0116,-0.581,-0.007,-0.974,-0.453,-0.0256,-0.02,0.3559,0.993,226190.0,-125929.0,-21598.0,-0.000201,1239000.0,0.01153,112.34,106195692.0,107434692.0
F1,ktb3,ktb3_day,1h,dn_entry20_exit20_atr2,20.0,20.0,2.0,OK,,1.0219,1927,107470000.0,54.0,52.84,0.0009,-0.0095,-0.452,0.053,-0.756,-0.338,-0.028,-0.0227,0.2593,1.019,359286.0,-123413.0,-19269.0,-0.000179,1134000.0,0.01055,102.79,106429494.0,107563494.0
F1,ktb3,ktb3_day,1h,dn_entry20_exit20_atr3,20.0,20.0,3.0,OK,,1.0219,1927,107470000.0,51.0,49.91,-0.0056,-0.0154,-0.716,-0.262,-1.211,-0.469,-0.0328,-0.0276,0.2745,0.891,363571.0,-154333.0,-33163.0,-0.000309,1071000.0,0.00997,97.07,105778671.0,106849671.0
F1,ktb3,ktb3_day,1h,dn_entry55_exit10_atr2,55.0,10.0,2.0,OK,,1.0219,1927,107470000.0,38.0,37.19,-0.0086,-0.0159,-1.06,-0.581,-1.415,-0.611,-0.026,-0.0197,0.2895,0.713,214545.0,-122536.0,-45960.0,-0.000428,798000.0,0.00743,72.23,105723531.0,106521531.0
F1,ktb3,ktb3_day,1h,dn_entry55_exit10_atr3,55.0,10.0,3.0,OK,,1.0219,1927,107470000.0,36.0,35.23,-0.0092,-0.0161,-1.046,-0.604,-1.365,-0.609,-0.0263,-0.0204,0.3056,0.708,221818.0,-137868.0,-48964.0,-0.000456,756000.0,0.00703,68.45,105707308.0,106463308.0
F1,ktb3,ktb3_day,1h,dn_entry55_exit20_atr2,55.0,20.0,2.0,OK,,1.0219,1927,107470000.0,34.0,33.27,-0.0102,-0.0167,-1.04,-0.642,-1.362,-0.586,-0.0284,-0.0227,0.2647,0.681,264444.0,-139850.0,-53831.0,-0.000501,714000.0,0.00664,64.6,105639748.0,106353748.0
F1,ktb3,ktb3_day,1h,dn_entry55_exit20_atr3,55.0,20.0,3.0,OK,,1.0219,1927,107470000.0,33.0,32.29,-0.0166,-0.0229,-1.397,-1.025,-1.856,-0.669,-0.0342,-0.0287,0.2727,0.567,264444.0,-175011.0,-76159.0,-0.000709,693000.0,0.00645,62.73,104956746.0,105649746.0
F1,ktb3,ktb3_day,5m,dn_entry20_exit10_atr2,20.0,10.0,2.0,OK,,1.022,20262,107510000.0,510.0,499.03,-0.0244,-0.122,-5.892,-1.294,-8.613,-0.961,-0.127,-0.0366,0.2608,0.817,89699.0,-38751.0,-26253.0,-0.000244,10710000.0,0.09962,970.69,94120739.0,104830739.0
F1,ktb3,ktb3_day,5m,dn_entry20_exit10_atr3,20.0,10.0,3.0,OK,,1.022,20262,107510000.0,472.0,461.84,-0.035,-0.1253,-5.599,-1.694,-7.835,-0.962,-0.1303,-0.0465,0.2924,0.767,91739.0,-49400.0,-29135.0,-0.000271,9912000.0,0.0922,898.42,93758490.0,103670490.0
F1,ktb3,ktb3_day,5m,dn_entry20_exit20_atr2,20.0,20.0,2.0,OK,,1.022,20262,107510000.0,441.0,431.51,-0.0212,-0.1056,-4.72,-1.039,-6.847,-0.959,-0.1101,-0.0368,0.2517,0.834,105405.0,-42496.0,-26269.0,-0.000244,9261000.0,0.08614,839.23,95925484.0,105186484.0
F1,ktb3,ktb3_day,5m,dn_entry20_exit20_atr3,20.0,20.0,3.0,OK,,1.022,20262,107510000.0,388.0,379.65,-0.0234,-0.0977,-4.027,-1.046,-5.664,-0.957,-0.102,-0.045,0.3015,0.833,109915.0,-56943.0,-27628.0,-0.000257,8148000.0,0.07579,738.43,96790460.0,104938460.0
F1,ktb3,ktb3_day,5m,dn_entry55_exit10_atr2,55.0,10.0,2.0,OK,,1.022,20262,107510000.0,342.0,334.64,-0.0276,-0.093,-5.98,-1.906,-8.77,-0.962,-0.0967,-0.0382,0.2544,0.708,84368.0,-40659.0,-29854.0,-0.000278,7182000.0,0.0668,651.25,97299958.0,104481958.0
F1,ktb3,ktb3_day,5m,dn_entry55_exit10_atr3,55.0,10.0,3.0,OK,,1.022,20262,107510000.0,309.0,302.35,-0.0295,-0.0886,-5.249,-1.848,-7.383,-0.957,-0.0927,-0.0418,0.301,0.711,85914.0,-51994.0,-31488.0,-0.000293,6489000.0,0.06036,588.48,97780249.0,104269249.0
F1,ktb3,ktb3_day,5m,dn_entry55_exit20_atr2,55.0,20.0,2.0,OK,,1.022,20262,107510000.0,311.0,304.31,-0.0296,-0.0892,-4.908,-1.749,-7.962,-0.949,-0.094,-0.0415,0.2379,0.689,97432.0,-44154.0,-31465.0,-0.000293,6531000.0,0.06075,592.17,97724490.0,104255490.0
F1,ktb3,ktb3_day,5m,dn_entry55_exit20_atr3,55.0,20.0,3.0,OK,,1.022,20262,107510000.0,264.0,258.32,-0.0211,-0.0716,-3.731,-1.158,-5.743,-0.934,-0.0766,-0.0416,0.3068,0.783,103333.0,-58383.0,-29765.0,-0.000277,5544000.0,0.05157,502.76,99651993.0,105195993.0
F1,ktb3,ktb3_day,day,dn_entry20_exit10_atr2,20.0,10.0,2.0,OK,,1.0212,245,107440000.0,6.0,5.88,0.02,0.0189,0.974,1.032,1.381,1.651,-0.0114,-0.0112,0.5,5.581,893333.0,-160070.0,345632.0,0.003217,126000.0,0.00117,11.4,109513790.0,109639790.0
F1,ktb3,ktb3_day,day,dn_entry20_exit10_atr3,20.0,10.0,3.0,OK,,1.0212,245,107440000.0,6.0,5.88,0.0179,0.0167,0.851,0.908,1.216,1.254,-0.0133,-0.0129,0.5,3.722,893333.0,-240000.0,305667.0,0.002845,126000.0,0.00117,11.4,109274000.0,109400000.0
F1,ktb3,ktb3_day,day,dn_entry20_exit20_atr2,20.0,20.0,2.0,OK,,1.0212,245,107440000.0,5.0,4.9,0.024,0.023,1.139,1.185,1.735,2.065,-0.0111,-0.0108,0.4,5.456,1610000.0,-196737.0,504958.0,0.0047,105000.0,0.00098,9.5,109964790.0,110069790.0
F1,ktb3,ktb3_day,day,dn_entry20_exit20_atr3,20.0,20.0,3.0,OK,,1.0212,245,107440000.0,5.0,4.9,0.0218,0.0208,1.018,1.064,1.561,1.562,-0.0133,-0.0129,0.4,3.88,1610000.0,-276667.0,457000.0,0.004254,105000.0,0.00098,9.5,109725000.0,109830000.0
F1,ktb3,ktb3_day,day,dn_entry55_exit10_atr2,55.0,10.0,2.0,OK,,1.0212,245,107440000.0,5.0,4.9,-0.0058,-0.0068,-0.463,-0.398,-0.451,-0.305,-0.0223,-0.0216,0.4,0.491,310000.0,-420604.0,-149362.0,-0.00139,105000.0,0.00098,9.46,106693188.0,106798188.0
F1,ktb3,ktb3_day,day,dn_entry55_exit10_atr3,55.0,10.0,3.0,OK,,1.0212,245,107440000.0,3.0,2.94,0.0048,0.0043,0.264,0.298,0.306,0.281,-0.0151,-0.0149,0.6667,6.889,310000.0,-90000.0,155667.0,0.001449,63000.0,0.00059,5.7,107907000.0,107970000.0
F1,ktb3,ktb3_day,day,dn_entry55_exit20_atr2,55.0,20.0,2.0,OK,,1.0212,245,107440000.0,2.0,1.96,0.0162,0.0158,0.894,0.915,1.138,1.477,-0.0107,-0.0107,1.0,inf,890000.0,,869000.0,0.008088,42000.0,0.00039,3.82,109178000.0,109220000.0
F1,ktb3,ktb3_day,day,dn_entry55_exit20_atr3,55.0,20.0,3.0,OK,,1.0212,245,107440000.0,2.0,1.96,0.0162,0.0158,0.894,0.915,1.138,1.477,-0.0107,-0.0107,1.0,inf,890000.0,,869000.0,0.008088,42000.0,0.00039,3.82,109178000.0,109220000.0
F1,usd,usd_24h,15m,dn_entry20_exit10_atr2,20.0,10.0,2.0,OK,,1.0236,18197,15600000.0,652.0,636.96,-0.0706,-0.1935,-2.177,-0.805,-3.693,-0.918,-0.2107,-0.105,0.296,0.888,46358.0,-21946.0,-4727.0,-0.000303,1956000.0,0.12538,1192.95,12517961.0,14473961.0
F1,usd,usd_24h,15m,dn_entry20_exit10_atr3,20.0,10.0,3.0,OK,,1.0236,18197,15600000.0,605.0,591.04,-0.0636,-0.1776,-1.928,-0.694,-3.04,-0.916,-0.1938,-0.1076,0.3339,0.902,46277.0,-25715.0,-4678.0,-0.0003,1815000.0,0.11635,1106.59,12769938.0,14584938.0
F1,usd,usd_24h,15m,dn_entry20_exit20_atr2,20.0,20.0,2.0,OK,,1.0236,18197,15600000.0,539.0,526.57,-0.0476,-0.1491,-1.528,-0.479,-2.646,-0.892,-0.1671,-0.0856,0.2801,0.919,57132.0,-24191.0,-4408.0,-0.000283,1617000.0,0.10365,986.24,13223954.0,14840954.0
F1,usd,usd_24h,15m,dn_entry20_exit20_atr3,20.0,20.0,3.0,OK,,1.0236,18197,15600000.0,484.0,472.83,-0.0624,-0.1535,-1.488,-0.601,-2.373,-0.892,-0.1721,-0.1072,0.3223,0.901,58263.0,-30744.0,-5056.0,-0.000324,1452000.0,0.09308,885.25,13152941.0,14604941.0
F1,usd,usd_24h,15m,dn_entry55_exit10_atr2,55.0,10.0,2.0,OK,,1.0236,18197,15600000.0,359.0,350.72,-0.093,-0.1606,-2.821,-1.67,-4.672,-0.939,-0.1711,-0.1106,0.2813,0.744,42713.0,-22470.0,-7131.0,-0.000457,1077000.0,0.06904,656.8,13039843.0,14116843.0
F1,usd,usd_24h,15m,dn_entry55_exit10_atr3,55.0,10.0,3.0,OK,,1.0236,18197,15600000.0,332.0,324.34,-0.0917,-0.1542,-2.611,-1.576,-4.015,-0.94,-0.1641,-0.1043,0.3343,0.753,40180.0,-26797.0,-7404.0,-0.000475,996000.0,0.06385,607.09,13141958.0,14137958.0
F1,usd,usd_24h,15m,dn_entry55_exit20_atr2,55.0,20.0,2.0,OK,,1.0236,18197,15600000.0,321.0,313.59,-0.1241,-0.1847,-2.881,-1.98,-5.004,-0.943,-0.1959,-0.1363,0.2523,0.664,48383.0,-24574.0,-9164.0,-0.000587,963000.0,0.06173,587.03,12658261.0,13621261.0
F1,usd,usd_24h,15m,dn_entry55_exit20_atr3,55.0,20.0,3.0,OK,,1.0236,18197,15600000.0,287.0,280.38,-0.1158,-0.1699,-2.428,-1.683,-4.022,-0.945,-0.1799,-0.1296,0.3136,0.706,49144.0,-31823.0,-9433.0,-0.000605,861000.0,0.05519,524.47,12892819.0,13753819.0
F1,usd,usd_24h,1h,dn_entry20_exit10_atr2,20.0,10.0,2.0,OK,,1.0236,4904,15598000.0,162.0,158.26,-0.1215,-0.1521,-1.676,-1.354,-2.767,-0.901,-0.1688,-0.1449,0.2778,0.643,77489.0,-46365.0,-14961.0,-0.000959,486000.0,0.03116,296.05,13174292.0,13660292.0
F1,usd,usd_24h,1h,dn_entry20_exit10_atr3,20.0,10.0,3.0,OK,,1.0236,4904,15598000.0,152.0,148.49,-0.0927,-0.1214,-1.285,-0.987,-2.189,-0.915,-0.1326,-0.1088,0.3158,0.723,80292.0,-51276.0,-12728.0,-0.000816,456000.0,0.02923,277.6,13663341.0,14119341.0
F1,usd,usd_24h,1h,dn_entry20_exit20_atr2,20.0,20.0,2.0,OK,,1.0236,4904,15598000.0,134.0,130.91,-0.0763,-0.1015,-0.985,-0.742,-1.543,-0.765,-0.1327,-0.1089,0.2687,0.757,105194.0,-51063.0,-12084.0,-0.000775,402000.0,0.02577,245.18,13978796.0,14380796.0
F1,usd,usd_24h,1h,dn_entry20_exit20_atr3,20.0,20.0,3.0,OK,,1.0236,4904,15598000.0,116.0,113.32,-0.0425,-0.0643,-0.577,-0.372,-0.918,-0.614,-0.1048,-0.0876,0.3448,0.866,109175.0,-66381.0,-8845.0,-0.000567,348000.0,0.02231,211.95,14572030.0,14920030.0
F1,usd,usd_24h,1h,dn_entry55_exit10_atr2,55.0,10.0,2.0,OK,,1.0236,4904,15598000.0,94.0,91.83,-0.0773,-0.095,-1.269,-1.036,-1.96,-0.939,-0.1011,-0.0838,0.2872,0.624,75889.0,-48976.0,-16110.0,-0.001033,282000.0,0.01808,171.94,14083634.0,14365634.0
F1,usd,usd_24h,1h,dn_entry55_exit10_atr3,55.0,10.0,3.0,OK,,1.0236,4904,15598000.0,86.0,84.02,-0.0345,-0.0507,-0.632,-0.423,-1.038,-0.759,-0.0668,-0.0622,0.3488,0.819,83267.0,-54436.0,-9400.0,-0.000603,258000.0,0.01654,157.07,14789592.0,15047592.0
F1,usd,usd_24h,1h,dn_entry55_exit20_atr2,55.0,20.0,2.0,OK,,1.0236,4904,15598000.0,79.0,77.18,-0.06,-0.0748,-0.872,-0.698,-1.222,-0.715,-0.1046,-0.0961,0.2532,0.699,110950.0,-53826.0,-15111.0,-0.000969,237000.0,0.01519,144.76,14404265.0,14641265.0
F1,usd,usd_24h,1h,dn_entry55_exit20_atr3,55.0,20.0,3.0,OK,,1.0236,4904,15598000.0,67.0,65.45,-0.0043,-0.0169,-0.158,-0.013,-0.234,-0.219,-0.0769,-0.0726,0.3582,0.975,108500.0,-62143.0,-4017.0,-0.000258,201000.0,0.01289,122.52,15328861.0,15529861.0
F1,usd,usd_24h,5m,dn_entry20_exit10_atr2,20.0,10.0,2.0,OK,,1.0236,50696,15608000.0,1747.0,1706.7,-0.0096,-0.3392,-4.168,-0.131,-6.614,-0.972,-0.349,-0.0654,0.2851,0.989,28548.0,-11505.0,-3088.0,-0.000198,5241000.0,0.33579,3191.61,10213984.0,15454984.0
F1,usd,usd_24h,5m,dn_entry20_exit10_atr3,20.0,10.0,3.0,OK,,1.0236,50696,15608000.0,1640.0,1602.17,-0.0408,-0.3504,-3.899,-0.489,-5.8,-0.963,-0.3637,-0.0832,0.3226,0.958,28448.0,-14132.0,-3397.0,-0.000218,4920000.0,0.31522,2995.6,10036370.0,14956370.0
F1,usd,usd_24h,5m,dn_entry20_exit20_atr2,20.0,20.0,2.0,OK,,1.0236,50696,15608000.0,1473.0,1439.02,0.0187,-0.2587,-2.94,0.231,-4.72,-0.946,-0.2736,-0.0503,0.2512,1.022,38162.0,-12530.0,-2797.0,-0.000179,4419000.0,0.28312,2692.6,11488211.0,15907211.0
F1,usd,usd_24h,5m,dn_entry20_exit20_atr3,20.0,20.0,3.0,OK,,1.0236,50696,15608000.0,1324.0,1293.46,0.0018,-0.2476,-2.456,0.031,-3.969,-0.932,-0.2657,-0.0628,0.2946,1.002,39156.0,-16319.0,-2978.0,-0.000191,3972000.0,0.25448,2418.68,11665328.0,15637328.0
F1,usd,usd_24h,5m,dn_entry55_exit10_atr2,55.0,10.0,2.0,OK,,1.0236,50696,15608000.0,1014.0,990.61,-0.0281,-0.2191,-3.665,-0.501,-5.821,-0.964,-0.2272,-0.0552,0.2988,0.951,28475.0,-12767.0,-3443.0,-0.000221,3042000.0,0.1949,1852.84,12116809.0,15158809.0
F1,usd,usd_24h,5m,dn_entry55_exit10_atr3,55.0,10.0,3.0,OK,,1.0236,50696,15608000.0,955.0,932.97,-0.053,-0.233,-3.647,-0.873,-5.673,-0.959,-0.2431,-0.0739,0.3319,0.916,29044.0,-15758.0,-3887.0,-0.000249,2865000.0,0.18356,1745.37,11896223.0,14761223.0
F1,usd,usd_24h,5m,dn_entry55_exit20_atr2,55.0,20.0,2.0,OK,,1.0236,50696,15608000.0,894.0,873.38,-0.0442,-0.2126,-3.104,-0.665,-5.043,-0.946,-0.2248,-0.0801,0.2651,0.922,35135.0,-13748.0,-3789.0,-0.000243,2682000.0,0.17183,1633.99,12220467.0,14902467.0
F1,usd,usd_24h,5m,dn_entry55_exit20_atr3,55.0,20.0,3.0,OK,,1.0236,50696,15608000.0,810.0,791.31,-0.0581,-0.2107,-2.841,-0.806,-4.466,-0.933,-0.2258,-0.082,0.3136,0.908,35980.0,-18105.0,-4145.0,-0.000266,2430000.0,0.15569,1480.89,12250348.0,14680348.0
F1,usd,usd_day,15m,dn_entry20_exit10_atr2,20.0,10.0,2.0,OK,,1.022,6856,15583000.0,241.0,235.81,-0.0497,-0.0951,-1.168,-0.613,-1.91,-0.892,-0.1067,-0.077,0.2863,0.872,77884.0,-35840.0,-6280.0,-0.000403,723000.0,0.0464,442.27,14069517.0,14792517.0
F1,usd,usd_day,15m,dn_entry20_exit10_atr3,20.0,10.0,3.0,OK,,1.022,6856,15583000.0,223.0,218.2,-0.0311,-0.0732,-0.873,-0.366,-1.407,-0.759,-0.0964,-0.0735,0.3363,0.92,76000.0,-41864.0,-5224.0,-0.000335,669000.0,0.04293,408.91,14418104.0,15087104.0
F1,usd,usd_day,15m,dn_entry20_exit20_atr2,20.0,20.0,2.0,OK,,1.022,6856,15583000.0,211.0,206.46,-0.0514,-0.0912,-1.007,-0.569,-1.657,-0.817,-0.1116,-0.0941,0.2417,0.868,105216.0,-38646.0,-6874.0,-0.000441,633000.0,0.04062,386.83,14132618.0,14765618.0
F1,usd,usd_day,15m,dn_entry20_exit20_atr3,20.0,20.0,3.0,OK,,1.022,6856,15583000.0,183.0,179.06,-0.0332,-0.0677,-0.711,-0.341,-1.186,-0.63,-0.1074,-0.0891,0.3005,0.915,103782.0,-48718.0,-5885.0,-0.000378,549000.0,0.03523,334.99,14506133.0,15055133.0
F1,usd,usd_day,15m,dn_entry55_exit10_atr2,55.0,10.0,2.0,OK,,1.022,6856,15583000.0,141.0,137.97,-0.0689,-0.0955,-1.683,-1.218,-2.094,-0.897,-0.1064,-0.0877,0.305,0.714,63581.0,-39083.0,-10774.0,-0.000691,423000.0,0.02714,258.96,14063830.0,14486830.0
F1,usd,usd_day,15m,dn_entry55_exit10_atr3,55.0,10.0,3.0,OK,,1.022,6856,15583000.0,132.0,129.16,-0.0616,-0.0865,-1.457,-1.038,-1.867,-0.903,-0.0958,-0.0829,0.3485,0.745,62348.0,-44749.0,-10427.0,-0.000669,396000.0,0.02541,242.52,14206584.0,14602584.0
F1,usd,usd_day,15m,dn_entry55_exit20_atr2,55.0,20.0,2.0,OK,,1.022,6856,15583000.0,124.0,121.33,-0.0678,-0.0912,-1.346,-1.004,-1.769,-0.874,-0.1043,-0.0953,0.25,0.728,93290.0,-42695.0,-11699.0,-0.000751,372000.0,0.02387,227.27,14132335.0,14504335.0
F1,usd,usd_day,15m,dn_entry55_exit20_atr3,55.0,20.0,3.0,OK,,1.022,6856,15583000.0,107.0,104.7,-0.0561,-0.0763,-1.087,-0.798,-1.564,-0.814,-0.0937,-0.0859,0.3178,0.775,90559.0,-54408.0,-11344.0,-0.000728,321000.0,0.0206,195.99,14369204.0,14690204.0
F1,usd,usd_day,1h,dn_entry20_exit10_atr2,20.0,10.0,2.0,OK,,1.0219,1864,15581000.0,65.0,63.61,-0.0043,-0.0166,-0.2,-0.025,-0.27,-0.151,-0.11,-0.1066,0.3077,0.979,157500.0,-71534.0,-4062.0,-0.000261,195000.0,0.01252,119.41,15316985.0,15511985.0
F1,usd,usd_day,1h,dn_entry20_exit10_atr3,20.0,10.0,3.0,OK,,1.0219,1864,15581000.0,62.0,60.67,-0.0129,-0.0246,-0.305,-0.143,-0.414,-0.222,-0.1112,-0.108,0.3387,0.939,150095.0,-81904.0,-6323.0,-0.000406,186000.0,0.01194,113.91,15188948.0,15374948.0
F1,usd,usd_day,1h,dn_entry20_exit20_atr2,20.0,20.0,2.0,OK,,1.0219,1864,15581000.0,48.0,46.97,0.0679,0.0589,0.772,0.887,1.088,0.753,-0.0781,-0.0716,0.3125,1.494,218000.0,-66309.0,19538.0,0.001254,144000.0,0.00924,87.96,16518804.0,16662804.0
F1,usd,usd_day,1h,dn_entry20_exit20_atr3,20.0,20.0,3.0,OK,,1.0219,1864,15581000.0,44.0,43.06,0.0687,0.0604,0.748,0.848,1.081,0.865,-0.0698,-0.0638,0.3636,1.47,213938.0,-83168.0,21870.0,0.001404,132000.0,0.00847,80.59,16543282.0,16675282.0
F1,usd,usd_day,1h,dn_entry55_exit10_atr2,55.0,10.0,2.0,OK,,1.0219,1864,15581000.0,37.0,36.21,0.0161,0.0091,0.189,0.311,0.193,0.104,-0.0877,-0.0842,0.4324,1.15,122875.0,-81417.0,3926.0,0.000252,111000.0,0.00712,68.02,15726245.0,15837245.0
F1,usd,usd_day,1h,dn_entry55_exit10_atr3,55.0,10.0,3.0,OK,,1.0219,1864,15581000.0,34.0,33.27,0.0283,0.0219,0.404,0.515,0.413,0.241,-0.0906,-0.0878,0.4706,1.272,131562.0,-91924.0,10246.0,0.000658,102000.0,0.00655,62.6,15929372.0,16031372.0
F1,usd,usd_day,1h,dn_entry55_exit20_atr2,55.0,20.0,2.0,OK,,1.0219,1864,15581000.0,27.0,26.42,0.0461,0.041,0.643,0.72,0.73,0.43,-0.0952,-0.0923,0.3704,1.487,224000.0,-88605.0,24174.0,0.001552,81000.0,0.0052,49.63,16233711.0,16314711.0
F1,usd,usd_day,1h,dn_entry55_exit20_atr3,55.0,20.0,3.0,OK,,1.0219,1864,15581000.0,25.0,24.46,0.0466,0.0418,0.649,0.719,0.752,0.44,-0.0952,-0.0924,0.4,1.48,228700.0,-103027.0,26664.0,0.001711,75000.0,0.00481,46.05,16247588.0,16322588.0
F1,usd,usd_day,5m,dn_entry20_exit10_atr2,20.0,10.0,2.0,OK,,1.022,19618,15584000.0,613.0,599.81,0.1005,-0.0149,-0.202,1.363,-0.318,-0.174,-0.0858,-0.0482,0.3279,1.203,47279.0,-19177.0,-387.0,-2.5e-05,1839000.0,0.11801,1124.25,15346933.0,17185933.0
F1,usd,usd_day,5m,dn_entry20_exit10_atr3,20.0,10.0,3.0,OK,,1.022,19618,15584000.0,582.0,569.48,0.0749,-0.0347,-0.434,0.957,-0.664,-0.352,-0.0987,-0.0547,0.3522,1.136,48629.0,-23277.0,-949.0,-6.1e-05,1746000.0,0.11204,1066.75,15031614.0,16777614.0
F1,usd,usd_day,5m,dn_entry20_exit20_atr2,20.0,20.0,2.0,OK,,1.022,19618,15584000.0,518.0,506.86,0.0684,-0.0291,-0.354,0.861,-0.573,-0.275,-0.1057,-0.0749,0.2664,1.136,65870.0,-21050.0,-894.0,-5.7e-05,1554000.0,0.09972,950.35,15120942.0,16674942.0
F1,usd,usd_day,5m,dn_entry20_exit20_atr3,20.0,20.0,3.0,OK,,1.022,19618,15584000.0,466.0,455.97,0.0583,-0.0294,-0.347,0.715,-0.556,-0.277,-0.1062,-0.0766,0.3176,1.106,65493.0,-27557.0,-1005.0,-6.4e-05,1398000.0,0.08971,854.36,15115724.0,16513724.0
F1,usd,usd_day,5m,dn_entry55_exit10_atr2,55.0,10.0,2.0,OK,,1.022,19618,15584000.0,381.0,372.8,-0.0329,-0.1048,-1.745,-0.563,-2.649,-0.844,-0.1241,-0.0686,0.2861,0.91,48743.0,-21461.0,-4376.0,-0.000281,1143000.0,0.07334,698.96,13916657.0,15059657.0
F1,usd,usd_day,5m,dn_entry55_exit10_atr3,55.0,10.0,3.0,OK,,1.022,19618,15584000.0,361.0,353.23,-0.0283,-0.0964,-1.534,-0.46,-2.361,-0.843,-0.1143,-0.0629,0.3213,0.927,49155.0,-25111.0,-4247.0,-0.000273,1083000.0,0.06949,661.98,14050839.0,15133839.0
F1,usd,usd_day,5m,dn_entry55_exit20_atr2,55.0,20.0,2.0,OK,,1.022,19618,15584000.0,329.0,321.92,-0.0351,-0.0972,-1.431,-0.527,-2.309,-0.896,-0.1085,-0.0651,0.2644,0.901,58701.0,-23414.0,-4700.0,-0.000302,987000.0,0.06333,603.96,14037812.0,15024812.0
F1,usd,usd_day,5m,dn_entry55_exit20_atr3,55.0,20.0,3.0,OK,,1.022,19618,15584000.0,305.0,298.44,-0.0448,-0.1023,-1.477,-0.657,-2.337,-0.908,-0.1128,-0.0696,0.3082,0.885,58213.0,-29313.0,-5338.0,-0.000343,915000.0,0.05871,559.79,13955965.0,14870965.0
F1,usd,usd_day,day,dn_entry20_exit10_atr2,20.0,10.0,2.0,OK,,1.0212,237,15570000.0,7.0,6.85,0.0965,0.0952,1.28,1.298,1.256,1.847,-0.0515,-0.0507,0.5714,3.613,530750.0,-195846.0,216352.0,0.013895,21000.0,0.00135,12.83,17084461.0,17105461.0
F1,usd,usd_day,day,dn_entry20_exit10_atr3,20.0,10.0,3.0,OK,,1.0212,237,15570000.0,7.0,6.85,0.0821,0.0807,1.076,1.092,1.065,1.231,-0.0656,-0.0647,0.5714,2.598,530750.0,-272344.0,183567.0,0.01179,21000.0,0.00135,12.85,16854968.0,16875968.0
F1,usd,usd_day,day,dn_entry20_exit20_atr2,20.0,20.0,2.0,OK,,1.0212,237,15570000.0,7.0,6.85,0.0899,0.0886,1.161,1.177,1.202,1.531,-0.0579,-0.0571,0.5714,3.436,504750.0,-195846.0,201494.0,0.012941,21000.0,0.00135,12.83,16980461.0,17001461.0
F1,usd,usd_day,day,dn_entry20_exit20_atr3,20.0,20.0,3.0,OK,,1.0212,237,15570000.0,7.0,6.85,0.0722,0.0709,0.922,0.938,0.964,0.944,-0.0752,-0.0743,0.5714,2.322,504750.0,-289831.0,161215.0,0.010354,21000.0,0.00135,12.84,16698506.0,16719506.0
F1,usd,usd_day,day,dn_entry55_exit10_atr2,55.0,10.0,2.0,OK,,1.0212,237,15570000.0,5.0,4.9,0.0085,0.0075,0.171,0.189,0.095,0.127,-0.0592,-0.0588,0.4,1.208,391000.0,-215807.0,23916.0,0.001536,15000.0,0.00096,9.2,15689580.0,15704580.0
F1,usd,usd_day,day,dn_entry55_exit10_atr3,55.0,10.0,3.0,OK,,1.0212,237,15570000.0,5.0,4.9,-0.0092,-0.0102,-0.15,-0.134,-0.082,-0.152,-0.067,-0.0666,0.4,0.842,391000.0,-309501.0,-32301.0,-0.002075,15000.0,0.00096,9.19,15408497.0,15423497.0
F1,usd,usd_day,day,dn_entry55_exit20_atr2,55.0,20.0,2.0,OK,,1.0212,237,15570000.0,5.0,4.9,0.0019,0.001,0.048,0.065,0.031,0.015,-0.0657,-0.0653,0.4,1.047,339000.0,-215807.0,3116.0,0.0002,15000.0,0.00096,9.19,15585580.0,15600580.0
F1,usd,usd_day,day,dn_entry55_exit20_atr3,55.0,20.0,3.0,OK,,1.0212,237,15570000.0,5.0,4.9,-0.0158,-0.0167,-0.251,-0.235,-0.156,-0.227,-0.0736,-0.0732,0.4,0.73,339000.0,-309501.0,-53101.0,-0.00341,15000.0,0.00096,9.19,15304497.0,15319497.0
F2,kosdaq150,kosdaq150_day,15m,EMA50_200,,,,OK,,1.022,7121,21792000.0,44.0,43.05,-0.4016,-0.4076,-0.42,-0.416,-0.54,-0.629,-0.648,-0.6441,0.3182,0.577,867929.0,-701667.0,-205250.0,-0.009419,132000.0,0.00606,67.02,12761000.0,12893000.0
F2,kosdaq150,kosdaq150_day,15m,SMA50_200,,,,OK,,1.022,7121,21792000.0,47.0,45.99,-0.0288,-0.0351,0.151,0.164,0.198,-0.08,-0.437,-0.435,0.4043,0.964,914789.0,-643643.0,-16638.0,-0.000764,141000.0,0.00647,70.18,21010000.0,21151000.0
F2,kosdaq150,kosdaq150_day,1h,EMA50_200,,,,OK,,1.022,1965,21498000.0,12.0,11.74,0.2134,0.2118,0.702,0.705,1.0,1.057,-0.2004,-0.1998,0.3333,1.945,2418500.0,-621750.0,388667.0,0.018079,36000.0,0.00167,17.21,26162000.0,26198000.0
F2,kosdaq150,kosdaq150_day,1h,SMA50_200,,,,OK,,1.022,1965,21498000.0,11.0,10.76,0.1586,0.1571,0.581,0.584,0.821,0.775,-0.2026,-0.2022,0.3636,1.592,2346000.0,-842000.0,314273.0,0.014619,33000.0,0.00154,17.28,24955000.0,24988000.0
F2,kosdaq150,kosdaq150_day,5m,EMA50_200,,,,OK,,1.022,20375,21792000.0,143.0,139.92,-0.6682,-0.688,-1.015,-1.01,-1.34,-0.891,-0.7719,-0.7561,0.2168,0.579,654226.0,-312643.0,-106042.0,-0.004866,429000.0,0.01969,217.12,6628000.0,7057000.0
F2,kosdaq150,kosdaq150_day,5m,SMA50_200,,,,OK,,1.022,20375,21792000.0,127.0,124.26,-0.358,-0.3753,-0.829,-0.786,-1.145,-0.659,-0.5694,-0.559,0.3071,0.754,622897.0,-366250.0,-65496.0,-0.003006,381000.0,0.01748,192.51,13474000.0,13855000.0
F2,kosdaq150,kosdaq150_day,day,EMA50_200,,,,INSUFFICIENT_DATA,"slow=200, signal bars 46 < 100",,246,,,,,,,,,,,,,,,,,,,,,,
F2,kosdaq150,kosdaq150_day,day,SMA50_200,,,,INSUFFICIENT_DATA,"slow=200, signal bars 46 < 100",,246,,,,,,,,,,,,,,,,,,,,,,
F2,kospi200,kospi200_24h,15m,EMA50_200,,,,OK,,1.0236,18899,383300000.0,91.0,88.9,-0.0727,-0.0787,-0.101,-0.083,-0.108,-0.212,-0.3714,-0.3694,0.3516,0.924,10818750.0,-6350847.0,-339187.0,-0.000885,2366000.0,0.00617,101.04,352434000.0,354800000.0
F2,kospi200,kospi200_24h,15m,SMA50_200,,,,OK,,1.0236,18899,383300000.0,104.0,101.6,-0.2591,-0.2661,-0.663,-0.644,-0.726,-0.627,-0.4245,-0.4214,0.3654,0.756,8251316.0,-6286174.0,-1000399.0,-0.00261,2704000.0,0.00705,111.41,279258500.0,281962500.0
F2,kospi200,kospi200_24h,1h,EMA50_200,,,,OK,,1.0237,5095,382450000.0,31.0,30.28,0.1037,0.1017,0.427,0.432,0.435,0.29,-0.3502,-0.3496,0.2581,1.196,30998437.0,-9014130.0,1285694.0,0.003362,806000.0,0.00211,32.25,422306500.0,423112500.0
F2,kospi200,kospi200_24h,1h,SMA50_200,,,,OK,,1.0237,5095,382450000.0,22.0,21.49,0.4992,0.4978,1.47,1.474,1.61,2.203,-0.2259,-0.2257,0.5455,2.731,25830208.0,-11350000.0,8904114.0,0.023282,572000.0,0.0015,24.47,578340500.0,578912500.0
F2,kospi200,kospi200_24h,5m,EMA50_200,,,,OK,,1.0236,54664,383387500.0,291.0,284.28,0.1514,0.1322,0.51,0.563,0.729,0.858,-0.1541,-0.1515,0.3093,1.099,7353333.0,-2996455.0,178510.0,0.000466,7566000.0,0.01973,314.62,435334000.0,442900000.0
F2,kospi200,kospi200_24h,5m,SMA50_200,,,,OK,,1.0236,54664,383387500.0,329.0,321.4,-0.4741,-0.4963,-1.028,-0.985,-1.155,-0.914,-0.5431,-0.5256,0.3252,0.774,5930023.0,-3690653.0,-587740.0,-0.001533,8554000.0,0.02231,355.53,190021000.0,198575000.0
F2,kospi200,kospi200_day,15m,EMA50_200,,,,OK,,1.022,7110,383300000.0,39.0,38.16,-0.0782,-0.0808,-0.077,-0.07,-0.09,-0.256,-0.3151,-0.314,0.2308,0.891,27697222.0,-9329583.0,-810936.0,-0.002116,1014000.0,0.00265,42.81,351673500.0,352687500.0
F2,kospi200,kospi200_day,15m,SMA50_200,,,,OK,,1.022,7110,383300000.0,35.0,34.25,0.3267,0.3244,1.151,1.158,1.35,1.697,-0.1912,-0.1906,0.4,1.732,21698214.0,-8350595.0,3642929.0,0.009504,910000.0,0.00237,39.04,510802500.0,511712500.0
F2,kospi200,kospi200_day,1h,EMA50_200,,,,OK,,1.022,1965,382037500.0,11.0,10.76,0.5476,0.5469,1.805,1.807,2.299,4.023,-0.136,-0.1359,0.6364,7.839,35192857.0,-7856250.0,19512636.0,0.051075,286000.0,0.00075,12.12,596676500.0,596962500.0
F2,kospi200,kospi200_day,1h,SMA50_200,,,,OK,,1.022,1965,382037500.0,9.0,8.81,0.4912,0.4906,1.573,1.575,1.921,3.171,-0.1547,-0.1545,0.5556,4.429,49780000.0,-14050000.0,21385111.0,0.055976,234000.0,0.00061,9.75,574503500.0,574737500.0
F2,kospi200,kospi200_day,5m,EMA50_200,,,,OK,,1.022,20338,383387500.0,84.0,82.19,0.1594,0.1539,0.694,0.714,0.833,0.654,-0.2353,-0.2334,0.4048,1.226,9981250.0,-5535750.0,718940.0,0.001875,2184000.0,0.0057,93.8,443778500.0,445962500.0
F2,kospi200,kospi200_day,5m,SMA50_200,,,,OK,,1.022,20338,383387500.0,110.0,107.63,-0.2316,-0.239,-0.553,-0.532,-0.63,-0.522,-0.4581,-0.4552,0.3636,0.804,9311250.0,-6613750.0,-848841.0,-0.002214,2860000.0,0.00746,124.3,290015000.0,292875000.0
F2,kospi200,kospi200_day,day,EMA50_200,,,,INSUFFICIENT_DATA,"slow=200, signal bars 46 < 100",,246,,,,,,,,,,,,,,,,,,,,,,
F2,kospi200,kospi200_day,day,SMA50_200,,,,INSUFFICIENT_DATA,"slow=200, signal bars 46 < 100",,246,,,,,,,,,,,,,,,,,,,,,,
F2,ktb10,ktb10_day,15m,EMA50_200,,,,OK,,1.022,7087,119360000.0,39.0,38.16,0.0388,0.0321,0.619,0.741,1.03,0.721,-0.0444,-0.0429,0.359,1.481,1040000.0,-393200.0,100282.0,0.00084,819000.0,0.00686,71.17,123271000.0,124090000.0
F2,ktb10,ktb10_day,15m,SMA50_200,,,,OK,,1.022,7087,119360000.0,41.0,40.12,0.0299,0.0229,0.445,0.575,0.745,0.52,-0.0439,-0.0422,0.439,1.329,818889.0,-482174.0,68024.0,0.00057,861000.0,0.00721,74.5,122149000.0,123010000.0
F2,ktb10,ktb10_day,1h,EMA50_200,,,,OK,,1.0219,1927,119360000.0,14.0,13.7,0.0021,-0.0003,0.084,0.123,0.132,-0.006,-0.0481,-0.0475,0.2143,1.028,3156667.0,-837273.0,-2429.0,-2e-05,294000.0,0.00246,25.71,119326000.0,119620000.0
F2,ktb10,ktb10_day,1h,SMA50_200,,,,OK,,1.0219,1927,119360000.0,11.0,10.76,0.0344,0.0325,0.605,0.638,0.908,0.861,-0.0378,-0.0362,0.4545,1.778,1920000.0,-900000.0,360818.0,0.003023,231000.0,0.00194,19.54,123329000.0,123560000.0
F2,ktb10,ktb10_day,5m,EMA50_200,,,,OK,,1.022,20281,119360000.0,122.0,119.38,0.0393,0.0183,0.346,0.729,0.633,0.423,-0.0433,-0.0391,0.3607,1.248,548864.0,-248077.0,18344.0,0.000154,2562000.0,0.02146,221.38,121598000.0,124160000.0
F2,ktb10,ktb10_day,5m,SMA50_200,,,,OK,,1.022,20281,119360000.0,125.0,122.31,0.0338,0.0123,0.245,0.631,0.447,0.328,-0.0373,-0.0352,0.416,1.19,495962.0,-296849.0,11960.0,0.0001,2625000.0,0.02199,227.5,120855000.0,123480000.0
F2,ktb10,ktb10_day,day,EMA50_200,,,,INSUFFICIENT_DATA,"slow=200, signal bars 46 < 100",,246,,,,,,,,,,,,,,,,,,,,,,
F2,ktb10,ktb10_day,day,SMA50_200,,,,INSUFFICIENT_DATA,"slow=200, signal bars 46 < 100",,246,,,,,,,,,,,,,,,,,,,,,,
F2,ktb3,ktb3_day,15m,EMA50_200,,,,OK,,1.022,7087,107490000.0,49.0,47.95,0.003,-0.0064,-0.212,0.191,-0.368,-0.306,-0.0208,-0.0178,0.2653,1.078,350000.0,-117222.0,-14265.0,-0.000133,1029000.0,0.00957,93.56,106791000.0,107820000.0
F2,ktb3,ktb3_day,15m,SMA50_200,,,,OK,,1.022,7087,107490000.0,41.0,40.12,0.0255,0.0176,0.802,1.159,1.31,1.547,-0.0114,-0.011,0.4634,2.041,288947.0,-122273.0,47293.0,0.00044,861000.0,0.00801,78.09,109429000.0,110290000.0
F2,ktb3,ktb3_day,1h,EMA50_200,,,,OK,,1.0219,1927,107470000.0,10.0,9.79,0.0168,0.0148,0.726,0.805,1.081,0.985,-0.0151,-0.0147,0.3,2.343,1070000.0,-195714.0,163000.0,0.001517,210000.0,0.00195,19.15,109100000.0,109310000.0
F2,ktb3,ktb3_day,1h,SMA50_200,,,,OK,,1.0219,1927,107470000.0,13.0,12.72,0.0097,0.0072,0.347,0.463,0.506,0.363,-0.0197,-0.0181,0.3846,1.522,618000.0,-253750.0,60538.0,0.000563,273000.0,0.00254,24.62,108257000.0,108530000.0
F2,ktb3,ktb3_day,5m,EMA50_200,,,,OK,,1.022,20262,107510000.0,118.0,115.46,0.0031,-0.0195,-0.763,0.178,-1.098,-0.625,-0.0311,-0.02,0.3136,1.048,200811.0,-87531.0,-18119.0,-0.000169,2478000.0,0.02305,224.87,105372000.0,107850000.0
F2,ktb3,ktb3_day,5m,SMA50_200,,,,OK,,1.022,20262,107510000.0,117.0,114.48,0.0056,-0.0167,-0.707,0.264,-0.94,-0.574,-0.0292,-0.0158,0.3932,1.09,162609.0,-96620.0,-15701.0,-0.000146,2457000.0,0.02285,222.71,105673000.0,108130000.0
F2,ktb3,ktb3_day,day,EMA50_200,,,,INSUFFICIENT_DATA,"slow=200, signal bars 46 < 100",,246,,,,,,,,,,,,,,,,,,,,,,
F2,ktb3,ktb3_day,day,SMA50_200,,,,INSUFFICIENT_DATA,"slow=200, signal bars 46 < 100",,246,,,,,,,,,,,,,,,,,,,,,,
F2,usd,usd_24h,15m,EMA50_200,,,,OK,,1.0236,18197,15600000.0,106.0,103.55,0.0291,0.0092,0.1,0.278,0.142,0.081,-0.114,-0.1044,0.2736,1.107,165828.0,-56416.0,1387.0,8.9e-05,318000.0,0.02038,193.36,15747000.0,16065000.0
F2,usd,usd_24h,15m,SMA50_200,,,,OK,,1.0236,18197,15600000.0,111.0,108.44,0.0253,0.0044,0.088,0.286,0.132,0.047,-0.0956,-0.0925,0.3694,1.088,121341.0,-65300.0,640.0,4.1e-05,333000.0,0.02135,202.79,15671000.0,16004000.0
F2,usd,usd_24h,1h,EMA50_200,,,,OK,,1.0236,4904,15598000.0,20.0,19.54,0.0758,0.0721,0.731,0.769,0.94,1.164,-0.0619,-0.0607,0.25,1.708,584800.0,-114133.0,57600.0,0.003693,60000.0,0.00385,36.26,16750000.0,16810000.0
F2,usd,usd_24h,1h,SMA50_200,,,,OK,,1.0236,4904,15598000.0,23.0,22.47,0.0807,0.0763,0.819,0.864,1.058,0.995,-0.0767,-0.0735,0.4348,1.615,338400.0,-161154.0,53043.0,0.003401,69000.0,0.00442,42.32,16818000.0,16887000.0
F2,usd,usd_24h,5m,EMA50_200,,,,OK,,1.0236,50696,15608000.0,279.0,272.56,0.0201,-0.0322,-0.269,0.23,-0.392,-0.317,-0.1017,-0.0856,0.2939,1.047,87463.0,-34772.0,-1846.0,-0.000118,837000.0,0.05363,509.22,15093000.0,15930000.0
F2,usd,usd_24h,5m,SMA50_200,,,,OK,,1.0236,50696,15608000.0,314.0,306.76,0.0347,-0.0243,-0.201,0.397,-0.315,-0.225,-0.108,-0.0908,0.3854,1.073,67058.0,-39171.0,-1236.0,-7.9e-05,942000.0,0.06035,574.12,15220000.0,16162000.0
F2,usd,usd_day,15m,EMA50_200,,,,OK,,1.022,6856,15583000.0,36.0,35.23,0.1321,0.1254,1.383,1.465,2.028,2.21,-0.0567,-0.0555,0.25,2.222,425667.0,-63852.0,55528.0,0.003563,108000.0,0.00693,65.65,17582000.0,17690000.0
F2,usd,usd_day,15m,SMA50_200,,,,OK,,1.022,6856,15583000.0,32.0,31.31,0.1,0.094,1.065,1.134,1.433,1.599,-0.0588,-0.0557,0.4375,1.89,241857.0,-99556.0,46812.0,0.003004,96000.0,0.00616,58.84,17081000.0,17177000.0
F2,usd,usd_day,1h,EMA50_200,,,,OK,,1.0219,1864,15581000.0,12.0,11.74,0.0198,0.0176,0.19,0.213,0.231,0.131,-0.1339,-0.1327,0.3333,1.176,527750.0,-224375.0,23333.0,0.001498,36000.0,0.00231,21.8,15861000.0,15897000.0
F2,usd,usd_day,1h,SMA50_200,,,,OK,,1.0219,1864,15581000.0,10.0,9.79,-0.0118,-0.0137,-0.097,-0.077,-0.111,-0.095,-0.1445,-0.143,0.4,0.897,410250.0,-304833.0,-21800.0,-0.001399,30000.0,0.00193,18.36,15363000.0,15393000.0
F2,usd,usd_day,5m,EMA50_200,,,,OK,,1.022,19618,15584000.0,103.0,100.78,0.1052,0.0859,0.983,1.214,1.594,1.29,-0.0665,-0.0628,0.301,1.514,159419.0,-45333.0,13291.0,0.000853,309000.0,0.01983,188.65,16953000.0,17262000.0
F2,usd,usd_day,5m,SMA50_200,,,,OK,,1.022,19618,15584000.0,117.0,114.48,0.1064,0.0844,1.049,1.326,1.802,1.442,-0.0585,-0.0536,0.3761,1.459,122614.0,-50671.0,11496.0,0.000738,351000.0,0.02252,215.23,16929000.0,17280000.0
F2,usd,usd_day,day,EMA50_200,,,,INSUFFICIENT_DATA,"slow=200, signal bars 38 < 100",,238,,,,,,,,,,,,,,,,,,,,,,
F2,usd,usd_day,day,SMA50_200,,,,INSUFFICIENT_DATA,"slow=200, signal bars 38 < 100",,238,,,,,,,,,,,,,,,,,,,,,,
benchmark,kosdaq150,kosdaq150_day,day,long_1contract_buyhold,,,,OK,,1.0212,246,21271000.0,1.0,0.98,,-0.0056,0.267,,0.394,,-0.4996,,,,,,-122000.0,,3000.0,,,21149000.0,21152000.0
benchmark,kospi200,kospi200_day,day,long_1contract_buyhold,,,,OK,,1.0212,246,372625000.0,1.0,0.98,,0.393,1.836,,2.402,,-0.4179,,,,,,150124000.0,,26000.0,,,522749000.0,522775000.0
benchmark,ktb10,ktb10_day,day,long_1contract_buyhold,,,,OK,,1.0212,246,119360000.0,1.0,0.98,,-0.1074,-1.79,,-2.809,,-0.127,,,,,,-13081000.0,,21000.0,,,106279000.0,106300000.0
benchmark,ktb3,ktb3_day,day,long_1contract_buyhold,,,,OK,,1.0212,246,107440000.0,1.0,0.98,,-0.0388,-1.727,,-2.463,,-0.045,,,,,,-4251000.0,,21000.0,,,103189000.0,103210000.0
benchmark,usd,usd_day,day,long_1contract_buyhold,,,,OK,,1.0212,238,15570000.0,1.0,0.98,,-0.0237,-0.229,,-0.296,,-0.1279,,,,,,-377000.0,,3000.0,,,15193000.0,15196000.0
