years,bars,capital_krw,cagr_net,sharpe_net,sortino_net,calmar_net,mdd_net,win_rate,profit_factor,resize_count,n_segments,trades_per_year,total_cost_krw,total_cost_pct_cap,avg_exposure,time_in_market,final_equity_krw,vol_ann,exp_turnover,exp_turnover_ann,source,period,window,status
16.6762,4041,372625000.0,0.0286,0.444,0.485,0.127,-0.2259,1.0,inf,0,1,0.0,26000.0,7e-05,1.0,1.0,596149000.0,0.0424,0.0,0.0,B&H,ALL,none,OK
16.6762,4041,372625000.0,0.0202,0.47,0.526,0.135,-0.1489,0.0612,2.111,3300,3301,197.89,1015909.0,0.002726,0.7543,1.0,519854106.0,0.0261,76.4286,4.5831,5-4_A,ALL,none,OK
16.6762,4041,372625000.0,0.0155,0.508,0.591,0.16,-0.097,0.0612,1.9,3300,3301,197.89,1510863.0,0.004055,0.6315,1.0,481706659.0,0.0177,114.6429,6.8746,5-4_B,ALL,none,OK
16.6762,4041,372625000.0,0.0105,0.533,0.654,0.172,-0.0611,0.0563,1.503,3300,3301,197.89,2005817.0,0.005383,0.5087,0.9718,443559212.0,0.0108,152.8571,9.1662,5-4_C,ALL,none,OK
16.6762,3820,372625000.0,0.0286,0.448,0.508,0.127,-0.2259,1.0,inf,0,1,0.0,26000.0,7e-05,1.0,1.0,596149000.0,0.0444,0.0,0.0,B&H,ALL,covid_long,OK
16.6762,3820,372625000.0,0.0189,0.444,0.507,0.125,-0.1517,0.0623,2.261,3112,3113,186.61,985111.0,0.002644,0.7588,1.0,509204175.0,0.0273,74.0595,4.441,5-4_A,ALL,covid_long,OK
16.6762,3820,372625000.0,0.0135,0.446,0.522,0.135,-0.1001,0.0623,2.023,3112,3113,186.61,1464667.0,0.003931,0.6382,1.0,465731762.0,0.0184,111.0893,6.6615,5-4_B,ALL,covid_long,OK
16.6762,3820,372625000.0,0.0075,0.394,0.481,0.109,-0.0691,0.0575,1.583,3112,3113,186.61,1944222.0,0.005218,0.5176,0.9749,422259349.0,0.011,148.119,8.8821,5-4_C,ALL,covid_long,OK
16.6762,3992,372625000.0,0.0286,0.449,0.49,0.127,-0.2259,1.0,inf,0,1,0.0,26000.0,7e-05,1.0,1.0,596149000.0,0.0424,0.0,0.0,B&H,ALL,covid_short,OK
16.6762,3992,372625000.0,0.0201,0.474,0.53,0.135,-0.1489,0.0612,2.161,3266,3267,195.85,1015083.0,0.002724,0.7571,1.0,519612769.0,0.0262,76.3651,4.5793,5-4_A,ALL,covid_short,OK
16.6762,3992,372625000.0,0.0155,0.51,0.593,0.159,-0.097,0.0612,1.929,3266,3267,195.85,1509625.0,0.004051,0.6356,1.0,481344653.0,0.0177,114.5476,6.8689,5-4_B,ALL,covid_short,OK
16.6762,3992,372625000.0,0.0104,0.533,0.656,0.171,-0.0612,0.0563,1.503,3266,3267,195.85,2004167.0,0.005379,0.5142,0.9752,443076538.0,0.0108,152.7302,9.1586,5-4_C,ALL,covid_short,OK
7.9781,1943,84975000.0,0.0338,0.362,0.479,0.17,-0.1987,1.0,inf,0,1,0.0,26000.0,0.000306,1.0,1.0,110736500.0,0.0583,0.0,0.0,B&H,2010-2017,none,OK
7.9781,1943,84975000.0,0.027,0.367,0.496,0.18,-0.1496,0.0634,1.916,1466,1467,183.75,481722.0,0.005669,0.7967,1.0,105068129.0,0.0441,35.4901,4.4484,5-4_A,2010-2017,none,OK
7.9781,1943,84975000.0,0.0235,0.36,0.475,0.167,-0.1402,0.0634,1.992,1466,1467,183.75,709583.0,0.00835,0.695,1.0,102233943.0,0.0386,53.2351,6.6727,5-4_B,2010-2017,none,OK
7.9781,1943,84975000.0,0.0199,0.337,0.418,0.134,-0.1485,0.0613,2.122,1466,1467,183.75,937444.0,0.011032,0.5933,0.9851,99399758.0,0.0348,70.9802,8.8969,5-4_C,2010-2017,none,OK
7.9781,1943,84975000.0,0.0338,0.362,0.479,0.17,-0.1987,1.0,inf,0,1,0.0,26000.0,0.000306,1.0,1.0,110736500.0,0.0583,0.0,0.0,B&H,2010-2017,covid_long,OK
7.9781,1943,84975000.0,0.027,0.367,0.496,0.18,-0.1496,0.0634,1.916,1466,1467,183.75,481722.0,0.005669,0.7967,1.0,105068129.0,0.0441,35.4901,4.4484,5-4_A,2010-2017,covid_long,OK
7.9781,1943,84975000.0,0.0235,0.36,0.475,0.167,-0.1402,0.0634,1.992,1466,1467,183.75,709583.0,0.00835,0.695,1.0,102233943.0,0.0386,53.2351,6.6727,5-4_B,2010-2017,covid_long,OK
7.9781,1943,84975000.0,0.0199,0.337,0.418,0.134,-0.1485,0.0613,2.122,1466,1467,183.75,937444.0,0.011032,0.5933,0.9851,99399758.0,0.0348,70.9802,8.8969,5-4_C,2010-2017,covid_long,OK
7.9781,1943,84975000.0,0.0338,0.362,0.479,0.17,-0.1987,1.0,inf,0,1,0.0,26000.0,0.000306,1.0,1.0,110736500.0,0.0583,0.0,0.0,B&H,2010-2017,covid_short,OK
7.9781,1943,84975000.0,0.027,0.367,0.496,0.18,-0.1496,0.0634,1.916,1466,1467,183.75,481722.0,0.005669,0.7967,1.0,105068129.0,0.0441,35.4901,4.4484,5-4_A,2010-2017,covid_short,OK
7.9781,1943,84975000.0,0.0235,0.36,0.475,0.167,-0.1402,0.0634,1.992,1466,1467,183.75,709583.0,0.00835,0.695,1.0,102233943.0,0.0386,53.2351,6.6727,5-4_B,2010-2017,covid_short,OK
7.9781,1943,84975000.0,0.0199,0.337,0.418,0.134,-0.1485,0.0613,2.122,1466,1467,183.75,937444.0,0.011032,0.5933,0.9851,99399758.0,0.0348,70.9802,8.8969,5-4_C,2010-2017,covid_short,OK
6.9925,1693,109925000.0,-0.0027,0.056,0.076,-0.009,-0.3133,0.0,0.0,0,1,0.0,26000.0,0.000237,1.0,1.0,107874000.0,0.0734,0.0,0.0,B&H,2018-2024,none,OK
6.9925,1693,109925000.0,-0.0017,0.033,0.046,-0.007,-0.2341,0.0487,0.747,1499,1500,214.37,460107.0,0.004186,0.7317,1.0,108588380.0,0.0508,33.8294,4.8379,5-4_A,2018-2024,none,OK
6.9925,1693,109925000.0,-0.0013,0.024,0.033,-0.006,-0.2106,0.0487,0.727,1499,1500,214.37,677161.0,0.00616,0.5975,1.0,108945570.0,0.0411,50.744,7.2569,5-4_B,2018-2024,none,OK
6.9925,1693,109925000.0,-0.0008,0.02,0.026,-0.004,-0.19,0.044,0.693,1499,1500,214.37,894214.0,0.008135,0.4634,0.9652,109302760.0,0.0335,67.6587,9.6759,5-4_C,2018-2024,none,OK
6.9925,1472,109925000.0,-0.0027,0.067,0.129,-0.009,-0.2847,0.0,0.0,0,1,0.0,26000.0,0.000237,1.0,1.0,107874000.0,0.0909,0.0,0.0,B&H,2018-2024,covid_long,OK
6.9925,1472,109925000.0,-0.0164,-0.105,-0.173,-0.064,-0.2542,0.0495,0.836,1311,1312,187.49,429310.0,0.003905,0.7399,1.0,97938448.0,0.0589,31.4603,4.4992,5-4_A,2018-2024,covid_long,OK
6.9925,1472,109925000.0,-0.0237,-0.259,-0.372,-0.099,-0.2394,0.0495,0.804,1311,1312,187.49,630964.0,0.00574,0.6098,1.0,92970673.0,0.0452,47.1905,6.7487,5-4_B,2018-2024,covid_long,OK
6.9925,1472,109925000.0,-0.0313,-0.459,-0.577,-0.135,-0.2325,0.045,0.757,1311,1312,187.49,832619.0,0.007574,0.4798,0.9721,88002897.0,0.036,62.9206,8.9983,5-4_C,2018-2024,covid_long,OK
6.9925,1644,109925000.0,-0.0027,0.048,0.067,-0.009,-0.2847,0.0,0.0,0,1,0.0,26000.0,0.000237,1.0,1.0,107874000.0,0.0694,0.0,0.0,B&H,2018-2024,covid_short,OK
6.9925,1644,109925000.0,-0.002,0.027,0.038,-0.009,-0.2345,0.0484,0.77,1465,1466,209.51,459282.0,0.004178,0.7377,1.0,108347043.0,0.0499,33.7659,4.8289,5-4_A,2018-2024,covid_short,OK
6.9925,1644,109925000.0,-0.0017,0.018,0.024,-0.008,-0.2112,0.0484,0.738,1465,1466,209.51,675923.0,0.006149,0.6065,1.0,108583564.0,0.0412,50.6488,7.2433,5-4_B,2018-2024,covid_short,OK
6.9925,1644,109925000.0,-0.0014,0.011,0.013,-0.007,-0.1907,0.0437,0.69,1465,1466,209.51,892563.0,0.00812,0.4753,0.9732,108820085.0,0.0341,67.5317,9.6577,5-4_C,2018-2024,covid_short,OK
1.6838,405,372625000.0,0.2905,1.372,1.513,1.242,-0.2339,1.0,inf,0,1,0.0,26000.0,7e-05,1.0,1.0,572499000.0,0.1265,0.0,0.0,B&H,2025-,none,OK
1.6838,405,372625000.0,0.1924,1.469,1.62,1.25,-0.1539,0.1078,4.934,333,334,197.77,125512.0,0.000337,0.6482,1.0,501092717.0,0.0748,7.9365,4.7135,5-4_A,2025-,none,OK
1.6838,405,372625000.0,0.1412,1.674,1.877,1.409,-0.1002,0.1078,4.503,333,334,197.77,175268.0,0.00047,0.4723,1.0,465389576.0,0.0468,11.9048,7.0702,5-4_B,2025-,none,OK
1.6838,405,372625000.0,0.0883,2.248,2.54,2.137,-0.0413,0.0898,3.067,333,334,197.77,225024.0,0.000604,0.2964,0.9358,429686435.0,0.021,15.873,9.4269,5-4_C,2025-,none,OK
1.6838,405,372625000.0,0.2905,1.372,1.513,1.242,-0.2339,1.0,inf,0,1,0.0,26000.0,7e-05,1.0,1.0,572499000.0,0.1265,0.0,0.0,B&H,2025-,covid_long,OK
1.6838,405,372625000.0,0.1924,1.469,1.62,1.25,-0.1539,0.1078,4.934,333,334,197.77,125512.0,0.000337,0.6482,1.0,501092717.0,0.0748,7.9365,4.7135,5-4_A,2025-,covid_long,OK
1.6838,405,372625000.0,0.1412,1.674,1.877,1.409,-0.1002,0.1078,4.503,333,334,197.77,175268.0,0.00047,0.4723,1.0,465389576.0,0.0468,11.9048,7.0702,5-4_B,2025-,covid_long,OK
1.6838,405,372625000.0,0.0883,2.248,2.54,2.137,-0.0413,0.0898,3.067,333,334,197.77,225024.0,0.000604,0.2964,0.9358,429686435.0,0.021,15.873,9.4269,5-4_C,2025-,covid_long,OK
1.6838,405,372625000.0,0.2905,1.372,1.513,1.242,-0.2339,1.0,inf,0,1,0.0,26000.0,7e-05,1.0,1.0,572499000.0,0.1265,0.0,0.0,B&H,2025-,covid_short,OK
1.6838,405,372625000.0,0.1924,1.469,1.62,1.25,-0.1539,0.1078,4.934,333,334,197.77,125512.0,0.000337,0.6482,1.0,501092717.0,0.0748,7.9365,4.7135,5-4_A,2025-,covid_short,OK
1.6838,405,372625000.0,0.1412,1.674,1.877,1.409,-0.1002,0.1078,4.503,333,334,197.77,175268.0,0.00047,0.4723,1.0,465389576.0,0.0468,11.9048,7.0702,5-4_B,2025-,covid_short,OK
1.6838,405,372625000.0,0.0883,2.248,2.54,2.137,-0.0413,0.0898,3.067,333,334,197.77,225024.0,0.000604,0.2964,0.9358,429686435.0,0.021,15.873,9.4269,5-4_C,2025-,covid_short,OK
