table,key,value,metric
stat,basis_mean,0.509321,
stat,basis_median,0.45,
stat,basis_std,1.634991,
stat,basis_pct_mean,0.001425,
stat,basis_pct_median,0.001515,
stat,basis_pct_std,0.003496,
stat,dbasis_mean,-0.004138,
stat,dbasis_std,1.26379,
yearly,2010,251.0,n
yearly,2010,0.3073,basis_mean
yearly,2010,0.8855,basis_std
yearly,2010,0.0013,basis_pct_mean
yearly,2011,248.0,n
yearly,2011,0.3754,basis_mean
yearly,2011,0.9969,basis_std
yearly,2011,0.0013,basis_pct_mean
yearly,2012,248.0,n
yearly,2012,0.9629,basis_mean
yearly,2012,0.8637,basis_std
yearly,2012,0.0037,basis_pct_mean
yearly,2013,247.0,n
yearly,2013,0.8119,basis_mean
yearly,2013,0.758,basis_std
yearly,2013,0.0031,basis_pct_mean
yearly,2014,245.0,n
yearly,2014,0.6175,basis_mean
yearly,2014,0.7605,basis_std
yearly,2014,0.0024,basis_pct_mean
yearly,2015,248.0,n
yearly,2015,0.3653,basis_mean
yearly,2015,0.8547,basis_std
yearly,2015,0.0014,basis_pct_mean
yearly,2016,246.0,n
yearly,2016,0.1987,basis_mean
yearly,2016,0.9115,basis_std
yearly,2016,0.0009,basis_pct_mean
yearly,2017,243.0,n
yearly,2017,0.3828,basis_mean
yearly,2017,0.6207,basis_std
yearly,2017,0.0013,basis_pct_mean
yearly,2018,244.0,n
yearly,2018,0.2598,basis_mean
yearly,2018,0.78,basis_std
yearly,2018,0.0008,basis_pct_mean
yearly,2019,246.0,n
yearly,2019,0.3434,basis_mean
yearly,2019,0.7405,basis_std
yearly,2019,0.0013,basis_pct_mean
yearly,2020,248.0,n
yearly,2020,-0.4439,basis_mean
yearly,2020,1.3269,basis_std
yearly,2020,-0.0015,basis_pct_mean
yearly,2021,248.0,n
yearly,2021,-0.4285,basis_mean
yearly,2021,1.1685,basis_std
yearly,2021,-0.001,basis_pct_mean
yearly,2022,246.0,n
yearly,2022,-0.0076,basis_mean
yearly,2022,0.8719,basis_std
yearly,2022,0.0,basis_pct_mean
yearly,2023,245.0,n
yearly,2023,1.0332,basis_mean
yearly,2023,0.8022,basis_std
yearly,2023,0.0031,basis_pct_mean
yearly,2024,244.0,n
yearly,2024,1.2124,basis_mean
yearly,2024,0.9771,basis_std
yearly,2024,0.0034,basis_pct_mean
yearly,2025,242.0,n
yearly,2025,0.1505,basis_mean
yearly,2025,0.8742,basis_std
yearly,2025,0.0002,basis_pct_mean
yearly,2026,170.0,n
yearly,2026,3.4376,basis_mean
yearly,2026,5.679,basis_std
yearly,2026,0.003,basis_pct_mean
regime,상승장,2200.0,n
regime,상승장,0.6714,basis_mean
regime,상승장,2.0509,basis_std
regime,상승장,0.0016,basis_pct_mean
regime,하락장,1594.0,n
regime,하락장,0.3316,basis_mean
regime,하락장,0.8538,basis_std
regime,하락장,0.0012,basis_pct_mean
acf,lag1,0.6848199110510933,basis
acf,lag1,-0.46927136051395757,dbasis
acf,lag5,0.6499861180867152,basis
acf,lag5,0.006987961246385952,dbasis
acf,lag10,0.621136827523807,basis
acf,lag10,0.012804772818350865,dbasis
acf,lag20,0.5777849853569841,basis
acf,lag20,-0.0019039067796921313,dbasis
quintile_h1_exp,1,0.001,mean
quintile_h1_exp,1,0.01672,std
quintile_h1_exp,1,824.0,n
quintile_h1_exp,2,0.00069,mean
quintile_h1_exp,2,0.01217,std
quintile_h1_exp,2,826.0,n
quintile_h1_exp,3,0.0006,mean
quintile_h1_exp,3,0.01133,std
quintile_h1_exp,3,719.0,n
quintile_h1_exp,4,0.0005,mean
quintile_h1_exp,4,0.01079,std
quintile_h1_exp,4,625.0,n
quintile_h1_exp,5,-0.0005,mean
quintile_h1_exp,5,0.01887,std
quintile_h1_exp,5,800.0,n
quintile_h1_drop5,1,0.00117,mean
quintile_h1_drop5,2,0.00068,mean
quintile_h1_drop5,3,0.0006,mean
quintile_h1_drop5,4,0.00049,mean
quintile_h1_drop5,5,-0.00072,mean
quintile_h5_exp,1,0.00474,mean
quintile_h5_exp,1,0.03186,std
quintile_h5_exp,1,738.0,n
quintile_h5_exp,2,0.00361,mean
quintile_h5_exp,2,0.02369,std
quintile_h5_exp,2,730.0,n
quintile_h5_exp,3,0.0015,mean
quintile_h5_exp,3,0.0253,std
quintile_h5_exp,3,673.0,n
quintile_h5_exp,4,0.00222,mean
quintile_h5_exp,4,0.02345,std
quintile_h5_exp,4,607.0,n
quintile_h5_exp,5,-0.00102,mean
quintile_h5_exp,5,0.04063,std
quintile_h5_exp,5,794.0,n
quintile_h5_drop5,1,0.00551,mean
quintile_h5_drop5,2,0.00368,mean
quintile_h5_drop5,3,0.00143,mean
quintile_h5_drop5,4,0.00184,mean
quintile_h5_drop5,5,-0.00064,mean
quintile_h20_exp,1,0.02183,mean
quintile_h20_exp,1,0.06367,std
quintile_h20_exp,1,484.0,n
quintile_h20_exp,2,0.01112,mean
quintile_h20_exp,2,0.05056,std
quintile_h20_exp,2,441.0,n
quintile_h20_exp,3,0.00681,mean
quintile_h20_exp,3,0.05316,std
quintile_h20_exp,3,479.0,n
quintile_h20_exp,4,0.00471,mean
quintile_h20_exp,4,0.0502,std
quintile_h20_exp,4,479.0,n
quintile_h20_exp,5,0.00633,mean
quintile_h20_exp,5,0.09248,std
quintile_h20_exp,5,714.0,n
quintile_h20_drop5,1,0.02225,mean
quintile_h20_drop5,2,0.01286,mean
quintile_h20_drop5,3,0.00609,mean
quintile_h20_drop5,4,0.00315,mean
quintile_h20_drop5,5,0.0074,mean
dbasis_fwd,1,0.0002805302728056193,fwd_up
dbasis_fwd,1,0.0006582008671034133,fwd_down
dbasis_fwd,1,1965.0,n_up
dbasis_fwd,1,2053.0,n_down
dbasis_fwd,5,0.00252956575811507,fwd_up
dbasis_fwd,5,0.009848038542817935,fwd_down
dbasis_fwd,5,1965.0,n_up
dbasis_fwd,5,2053.0,n_down
dbasis_fwd,20,0.009842937495001846,fwd_up
dbasis_fwd,20,0.005852108725323897,fwd_down
dbasis_fwd,20,1965.0,n_up
dbasis_fwd,20,2053.0,n_down
