unit_key,index_names,n_etfs,etfs,first,last,class,reason
mkf스타우량,MKF 스타우량,1,108630 FIRST 스타우량,20100104,20160311,포함,
mkf현대차그룹,MKF 현대차그룹,1,107560 GIANT 현대차그룹,20100104,20160928,포함,
사회책임투자지수,사회책임투자지수,2,120210 GREAT SRI | 148040 PIONEER SRI,20100104,20160907,제외,수동: ESG 선별 광범위 지수 — 가중치만 다른 시장 전체
mkff15vw,MKF F15 VW,1,105270 KINDEX 성장대형F15,20100104,20160428,포함,
mkfsamssw,MKF SAMs SW,1,108450 KINDEX 삼성그룹주,20100104,20260921,포함,
스타지수,스타지수,1,108440 KINDEX 코스닥스타,20100104,20160428,포함,
코스피200,코스피 200,23,0007N0 아이엠에셋 200 | 0098Z0 FOCUS 200 | 069500 KODEX 200 | 069660 KOSEF 200 | 102110 TIGER200 | 105190 KINDEX200 | 108590 TREX 200 | 148020 RISE 200 | 152100 아리랑 200 | 152870 파워 K200 | 293180 HANARO 200 | 391670 HK 베스트일레븐액티브 | 391680 HK 하이볼액티브 | 433250 UNICORN R&D 액티브 | 434960 대신343 K200 | 441800 TIME,20100104,20260921,제외,시장 대표지수(§1 목록)
mkff15pw,MKF F15 PW,1,105450 KODEX 15,20100104,20100413,포함,
krx건설,KRX 건설,1,117700 KODEX 건설,20100104,20260921,포함,
krx반도체,KRX 반도체,2,091160 KODEX 반도체 | 091230 TIGER 반도체,20100104,20260921,포함,
삼성그룹,삼성그룹,1,102780 KODEX 삼성그룹,20100104,20260921,포함,
krx에너지화학,KRX 에너지화학,1,117460 KODEX 에너지화학,20100104,20260921,포함,
krx은행,KRX 은행,3,091170 KODEX 은행 | 091190 KOSEF Banks | 091220 TIGER 은행,20100104,20260921,포함,
krx자동차,KRX 자동차,1,091180 KODEX 자동차,20100104,20260921,포함,
krx기계장비,KRX 기계장비,1,102960 KODEX 조선,20100104,20260921,포함,
krx증권,KRX 증권,1,102970 KODEX 증권,20100104,20260921,포함,
krx철강,KRX 철강,1,117680 KODEX 철강,20100104,20260921,포함,
krx정보통신,KRX 정보통신,1,091200 KOSEF IT,20100104,20150217,포함,
krx100,KRX 100,2,091210 TIGER KRX100 | 100910 KOSEF KRX100,20100104,20260921,제외,시장 대표지수(§1 목록)
mkf웰스고배당20,MKF 웰스 고배당20,1,104530 KOSEF 고배당,20100104,20260921,포함,
mkf블루칩,MKF 블루칩,1,104520 KOSEF 블루칩,20100104,20260921,포함,
mkf중형순수가치,MKF 중형 순수가치,1,097740 KOSEF 중형순수가치,20100104,20100517,포함,
mkf5대그룹주,MKF 5대그룹주,1,105780 RISE 5대그룹주,20100104,20260921,포함,
mkf코스닥엘리트30,MKF 코스닥 엘리트30,1,108480 KStar 코스닥엘리트30,20100104,20151214,포함,
mkf범lg그룹주지수,MKF 범LG그룹주 지수,1,117740 아리랑 LG그룹&,20100104,20150506,포함,
krx방송통신,KRX 방송통신,1,098560 TIGER 방송통신,20100104,20251203,포함,
mkf순수가치,MKF 순수가치,1,097710 TIGER 순수가치,20100104,20151214,포함,
mkf중형가치,MKF 중형 가치,1,097720 TIGER 중형가치,20100104,20151214,포함,
mkf중소형가치,MKF 중소형 가치,1,097750 TREX 중소형가치,20100104,20200622,포함,
코스피50,코스피 50,2,122090 아리랑 KOSPI50 | 168300 KTOP50,20100107,20260921,제외,시장 대표지수(§1 목록)
코스닥프리미어,코스닥 프리미어,1,122390 TIGER 코스닥프리미어,20100208,20160428,제외,수동: 코스닥 대형주 광범위 지수 — 시장 대표지수와 같은 성격
mkf보험주top10지수,MKF 보험주 Top10 지수,1,124090 HiShares 보험,20100507,20111216,포함,
mkf네오밸류지수,MKF 네오밸류 지수,1,129270 아리랑 네오밸류,20100617,20150506,포함,
mkfsamsew지수,MKF SAMs EW 지수,1,131890 KINDEX 삼성그룹동일가중,20100917,20260921,포함,
핵심소비재지수,핵심소비재 지수,1,136280 KODEX 소비재,20101207,20170524,포함,
녹색산업지수,녹색산업지수,2,137990 TIGER 그린 | 138210 GREAT GREEN,20110127,20151214,포함,
mkfsamsfw,MKF SAMs FW,1,138520 TIGER 삼성그룹펀더멘털,20110307,20260921,포함,
mkflg그룹+fw,MKF LG그룹+ FW,1,138530 TIGER LG그룹플러스,20110310,20260921,포함,
mkf현대차그룹+fw,MKF 현대차그룹+ FW,1,138540 TIGER 현대차그룹플러스,20110310,20260921,포함,
코스피200건설,코스피 200 건설,2,139220 TIGER 건설기계 | 287300 KBSTAR 200건설,20110406,20260921,포함,
코스피200경기소비재,코스피 200 경기소비재,2,139290 TIGER 자동차&유통 | 287310 KBSTAR 200경기소비재,20110406,20260921,포함,
코스피200금융,코스피 200 금융,2,139270 TIGER 금융 | 284980 RISE 200금융,20110406,20260921,포함,
코스피200에너지/화학,코스피 200 에너지/화학,2,139250 TIGER 에너지화학 | 284990 KBSTAR 200에너지화학,20110406,20260921,포함,
코스피200정보기술,코스피 200 정보기술,2,139260 TIGER 정보통신 | 285000 KBSTAR 200IT,20110406,20260921,포함,
코스피200중공업,코스피 200 중공업,2,139230 TIGER 조선운송 | 285010 KBSTAR 200중공업,20110406,20260921,포함,
코스피200철강/소재,코스피 200 철강/소재,2,139240 TIGER 철강소재 | 285020 KBSTAR 200철강소재,20110406,20260921,포함,
코스피200생활소비재,코스피 200 생활소비재,3,139280 TIGER 필수소비재 | 227560 TIGER 200 생활소비재 | 287330 KBSTAR 200생활소비재,20110406,20260921,포함,
mkf블루칩30지수,MKF 블루칩30 지수,1,139300 TIGER 블루칩30,20110408,20130625,포함,
mkf수출주지수,MKF 수출주 지수,1,140570 RISE 수출주,20110415,20260921,포함,
mkf우량업종대표주지수,MKF 우량업종대표주 지수,1,140580 RISE 우량업종대표주,20110415,20260921,포함,
krx보험,KRX 보험,1,140700 KODEX 보험,20110426,20260921,포함,
krx운송,KRX 운송,1,140710 KODEX 운송,20110426,20260921,포함,
코스피100,코스피 100,4,140950 파워 코스피100 | 153270 iKon 100 | 159800 마이티 코스피100 | 237350 KODEX 코스피100,20110503,20260921,제외,시장 대표지수(§1 목록)
코스피100동일가중지수,코스피 100 동일가중지수,1,141240 아리랑 K100EW,20110518,20181109,제외,시장 대표지수(§1 목록)
krx100동일가중지수,KRX 100 동일가중지수,1,141250 아리랑 KRX100EW,20110518,20150506,제외,시장 대표지수(§1 목록)
fnguide-rafi코리아대형지수,FnGuide-RAFI 코리아 대형 지수,2,143460 KINDEX 펀더멘털대형 | 144670 KOSEF 펀더멘탈대형주,20110621,20241217,포함,
krx헬스케어,KRX 헬스케어,4,0214M0 MIDAS 바이오헬스케어액티브 | 143860 TIGER 헬스케어 | 266420 KODEX 헬스케어 | 463050 TIMEFOLIO K바이오액티브,20110718,20260921,포함,
fnguide태양광지수,FnGuide 태양광 지수,1,144750 KODEX 태양광,20110727,20130625,포함,
fnguide-rafi코리아200지수,FnGuide-RAFI 코리아200 지수,1,145850 TREX 펀더멘탈 200,20110923,20260921,포함,
fnguide모멘텀지수,FnGuide 모멘텀 지수,1,147970 TIGER 모멘텀,20111026,20260921,포함,
코스피200선물지수,코스피 200 선물지수,1,152280 KOSEF 200 선물,20120113,20210322,제외,시장 대표지수(§1 목록)
fnguide생활필수품지수,FnGuide 생활필수품 지수,1,152180 TIGER 생활필수품,20120117,20181217,포함,
mscikoreaindex,MSCI Korea Index,1,156080 KODEX MSCI Korea,20120430,20260921,제외,시장 대표지수(§1 목록)
fnguide소프트웨어지수,FnGuide 소프트웨어 지수,1,157490 TIGER 소프트웨어,20120516,20260921,포함,
fnguide자동차지수,FnGuide 자동차 지수,1,157510 TIGER 자동차,20120516,20181217,포함,
fnguide증권지수,FnGuide 증권 지수,1,157500 TIGER 증권,20120516,20260921,포함,
fnguide화학지수,FnGuide 화학 지수,1,157520 TIGER 화학,20120516,20181217,포함,
fnguide경기방어주지수,FnGuide 경기방어주 지수,1,161490 아리랑 방어주,20120829,20171201,포함,
fnguide배당주지수,FnGuide 배당주 지수,1,161510 아리랑 배당주,20120829,20260921,포함,
fnguide자동차+지수,FnGuide 자동차+ 지수,1,161520 아리랑 자동차,20120829,20150217,포함,
fnguide조선운송+지수,FnGuide 조선운송+ 지수,1,161530 아리랑 조선운송,20120829,20150217,포함,
fnguide경기주도주지수,FnGuide 경기주도주 지수,1,161500 아리랑 주도주,20120829,20171201,포함,
fnguide철강금속+지수,FnGuide 철강금속+ 지수,1,161540 아리랑 철강금속,20120829,20150217,포함,
fnguide화학+지수,FnGuide 화학+ 지수,1,161550 아리랑 화학,20120829,20150217,포함,
fnguide베타플러스지수,FnGuide 베타플러스 지수,1,170350 TIGER 베타플러스,20130117,20210506,포함,
fnguidelowvol지수,FnGuide Low Vol 지수,1,174350 TIGER 로우볼,20130620,20260921,포함,
코스피200고배당지수,코스피 200 고배당지수,2,0222D0 KoAct 고배당액티브 | 192720 파워고배당저변동성,20140220,20260921,포함,
코스피고배당50,코스피 고배당 50,2,210780 TIGER 코스피고배당 | 211210 마이티 코스피고배당,20141205,20260921,포함,
코스피배당성장50,코스피 배당성장 50,3,211260 KINDEX 배당성장 | 211560 TIGER 배당성장 | 211900 KODEX 코리아배당성장,20141217,20260921,포함,
wise삼성그룹밸류인덱스,WISE 삼성그룹 밸류 인덱스,1,213610 KODEX 삼성그룹밸류,20150108,20260921,포함,
fnguidecontrarianindex,FnGuide Contrarian Index,1,217790 TIGER 가격조정,20150429,20221220,포함,
코스피200가치저변동성,코스피 200 가치저변동성,1,223190 KODEX 200가치저변동,20150626,20260921,포함,
wise스마트베타momentumindex,WISE 스마트베타 MOMENTUM INDEX,1,222190 ARIRANG 스마트베타 Momentum,20150629,20200521,포함,
wise스마트베타qualityindex,WISE 스마트베타 QUALITY INDEX,1,222200 ARIRANG 스마트베타 Quality,20150629,20200521,포함,
wise스마트베타valueindex,WISE 스마트베타 VALUE INDEX,1,222180 ARIRANG 스마트베타 Value,20150629,20200521,포함,
코스피200경기방어소비재,코스피 200 경기방어소비재,1,139280 TIGER 필수소비재,20150713,20260921,포함,
fnguide성장소비주도지수,FnGuide 성장소비주도 지수,1,226380 KINDEX 한류,20150819,20260921,포함,
코스피,코스피,14,0193G0 KoAct 코스피액티브 | 0208N0 IBK 코스피액티브 | 226490 KODEX 코스피 | 227830 PLUS 코스피 | 277630 TIGER 코스피 | 302450 RISE 코스피 | 305050 KINDEX 코스피 | 364690 KODEX 혁신기술테마액티브 | 365040 TIGER AI코리아그로스액티브 | 385720 TIMEFOLIO 코스피액티브 | 402520 FOCUS 혁신기업액티브 | 403790 마이다스 코스피액티브 | 448570 FOCUS AI코리아액티브 | 476850 KoAct 배당성장액,20150824,20260921,제외,시장 대표지수(§1 목록)
코스피200중소형주지수,코스피 200 중소형주지수,2,0053M0 더제이 중소형포커스액티브 | 226980 KODEX 200 중소형,20150901,20260921,제외,시장 대표지수(§1 목록)
코스피200헬스케어,코스피 200 헬스케어,1,227540 TIGER 200헬스케어,20150923,20260921,포함,
코스피200산업재,코스피 200 산업재,2,227550 TIGER 200 산업재 | 287320 KBSTAR 200산업재,20150923,20260921,포함,
fnguide퀄리티밸류지수,FnGuide 퀄리티밸류 지수,1,227570 TIGER 우량가치,20150923,20260921,포함,
코스닥150,코스닥 150,11,0166N0 PLUS 코스닥150액티브 | 0191S0 IBK 코스닥150 | 227930 KINDEX 코스닥 150 | 229200 KODEX 코스닥150 | 232080 TIGER 코스닥150 | 270810 RISE 코스닥150 | 301400 PLUS 코스닥150 | 304770 HANARO 코스닥150 | 316670 KOSEF 코스닥150 | 354500 KINDEX 코스닥150 | 450910 SOL 코스닥150,20151001,20260921,제외,시장 대표지수(§1 목록)
wise미디어컨텐츠지수,WISE 미디어컨텐츠 지수,1,228810 TIGER 미디어컨텐츠,20151007,20260921,포함,
wise여행레저지수,WISE 여행레저 지수,1,228800 TIGER 여행레저,20151007,20260921,포함,
wise화장품지수,WISE 화장품 지수,1,228790 TIGER 화장품,20151007,20260921,포함,
ktop30,KTOP 30,2,228820 TIGER KTOP30 | 229720 KODEX KTOP30,20151014,20260921,제외,시장 대표지수(§1 목록)
wise스마트베타lowvol지수,WISE 스마트베타 LowVOL 지수,1,236460 ARIRANG 스마트베타 LowVOL,20160112,20200521,포함,
fnguide셀렉트밸류지수,FnGuide 셀렉트 밸류 지수,1,234310 RISE V&S셀렉트밸류,20160202,20260921,포함,
fnguide모멘텀plus지수,FnGuide 모멘텀 Plus 지수,1,244620 KODEX 모멘텀Plus,20160513,20260921,포함,
fnguide바이오지수,FnGuide 바이오 지수,1,244580 KODEX 바이오,20160513,20260921,포함,
fnguide벨류plus지수,FnGuide 벨류 Plus 지수,1,244670 KODEX 밸류Plus,20160513,20260921,포함,
fnguide퀄리티plus지수,FnGuide 퀄리티 Plus 지수,1,244660 KODEX 퀄리티Plus,20160513,20260921,포함,
wise스마트베타지수,WISE 스마트베타 지수,1,244820 ARIRANG 스마트베타4종결합,20160519,20181109,포함,
fnguide가치투자형지수,FnGuide 가치투자형 지수,1,247780 KODEX 가치투자,20160624,20200925,포함,
fnguide성장투자형지수,FnGuide 성장투자형 지수,1,247790 KODEX 성장투자,20160624,20200925,포함,
fnguide턴어라운드투자형지수,FnGuide 턴어라운드투자형 지수,1,247800 KODEX 턴어라운드투자,20160624,20200925,포함,
fnguide고배당저변동50지수,FnGuide 고배당저변동50 지수,1,251590 PLUS 고배당저변동50,20160811,20260921,포함,
코스피200동일가중지수,코스피 200 동일가중지수,3,252000 TIGER 200동일가중 | 252650 KODEX 200동일가중 | 295820 ARIRANG 200동일가중,20160920,20260921,제외,시장 대표지수(§1 목록)
fnguide헬스케어지수,FnGuide 헬스케어 지수,1,253280 RISE 헬스케어,20160923,20260921,포함,
fnguide모멘텀&로우볼지수,FnGuide 모멘텀&로우볼 지수,1,252730 KBSTAR 모멘텀로우볼,20161014,20240625,포함,
fnguide모멘텀&밸류지수,FnGuide 모멘텀&밸류 지수,1,252720 KBSTAR 모멘텀밸류,20161014,20240625,포함,
코스닥150정보기술,코스닥 150 정보기술,1,261060 TIGER 코스닥150IT,20161215,20260921,포함,
코스닥150헬스케어,코스닥 150 헬스케어,1,261070 TIGER 코스닥150바이오테크,20161215,20260921,포함,
wise배당바이백플러스지수,WISE 배당바이백플러스 지수,1,260200 KOSEF 배당바이백플러스,20161216,20210322,포함,
fnguide저bpr가중지수,FnGuide 저BPR 가중 지수,1,260270 KOSEF 저PBR가중,20161216,20210322,포함,
코스피우선주지수,코스피 우선주 지수,1,261140 TIGER 우선주,20170106,20260921,포함,
fnguide중형주저변동50지수,FnGuide 중형주저변동50지수,1,266550 PLUS 중형주저변동50,20170328,20260921,포함,
krxk콘텐츠,KRX K콘텐츠,1,266360 KODEX 미디어&엔터테인먼트,20170328,20260921,포함,
krx정보기술,KRX 정보기술,2,266370 KODEX IT하드웨어 | 471780 TIGER 코리아테크액티브,20170328,20260921,포함,
krx경기소비재,KRX 경기소비재,1,266390 KODEX 경기소비재,20170328,20260921,포함,
krx필수소비재,KRX 필수소비재,1,266410 KODEX 필수소비재,20170328,20260921,포함,
wise지속배당지수,WISE 지속배당 지수,1,266140 TIGER 지속배당,20170330,20200925,포함,
fnguide고배당포커스지수,FnGuide 고배당포커스 지수,1,266160 RISE 고배당,20170414,20260921,포함,
코스닥150저변동성,코스닥 150 저변동성,1,267300 TIGER 코스닥150로우볼,20170425,20200622,포함,
fnguidekq고배당포커스지수,FnGuide KQ고배당포커스 지수,1,270800 RISE KQ고배당,20170707,20260921,포함,
fnguide스마트모멘텀지수,FnGuide 스마트 모멘텀 지수,1,272220 KINDEX 스마트모멘텀,20170711,20240723,포함,
fnguide스마트밸류지수,FnGuide 스마트 밸류 지수,1,272230 KINDEX 스마트밸류,20170711,20240723,포함,
mscikoreaimimomentumcapped,MSCI Korea IMI Momentum Capped,1,275280 KODEX 모멘텀주,20170711,20260921,포함,
mscikoreaimienhancedvaluecapped,MSCI Korea IMI Enhanced Value Capped,1,275290 KODEX 가치주,20170711,20260921,포함,
mscikoreaimiqualitycapped,MSCI Korea IMI Quality Capped,1,275300 KODEX 우량주,20170711,20260921,포함,
krx스마트밸류지수,KRX 스마트 밸류지수,1,275540 파워 스마트밸류,20170711,20200622,포함,
wiseesg우수기업지수,WISE ESG우수기업 지수,1,278420 ARIRANG ESG우수기업,20170831,20231214,포함,
코스피대형주,코스피 대형주,2,277640 TIGER 코스피대형주 | 337140 KODEX 코스피대형주,20170831,20260921,제외,시장 대표지수(§1 목록)
코스피중형주,코스피 중형주,3,277650 TIGER 코스피중형주 | 301440 ARIRANG 코스피중형주 | 438740 마이다스 중소형액티브,20170831,20260921,제외,시장 대표지수(§1 목록)
fnguide주도업종지수,FnGuide 주도업종 지수,1,280920 PLUS 주도업종,20171017,20260921,포함,
fnguide고배당plus지수,FnGuide 고배당 Plus 지수,1,279530 KODEX 고배당주,20171017,20260921,포함,
krx최소변동성지수,KRX 최소변동성지수,1,279540 KODEX 최소변동성,20171017,20260921,포함,
fnguide중소형고배당포커스지수,FnGuide 중소형고배당포커스 지수,1,281990 RISE 중소형고배당,20171102,20260921,포함,
mscikoreatrindex,MSCI Korea TR Index,3,278540 KODEX MSCI Korea TR | 310970 TIGER MSCI Korea TR | 332940 HANARO MSCI Korea TR,20171109,20260921,제외,시장 대표지수(§1 목록)
코스피200tr,코스피 200 TR,9,0112X0 마이티 200TR | 278530 KODEX 200TR | 294400 KOSEF 200TR | 295040 SOL 200TR | 310960 TIGER 200TR | 332500 KINDEX 200TR | 332930 HANARO 200TR | 361580 RISE 200TR | 491220 PLUS 200TR,20171121,20260921,제외,시장 대표지수(§1 목록)
wise지주회사테마지수(시장가격지수),WISE 지주회사테마지수(시장가격지수),1,283930 KBSTAR 지주회사,20171130,20200424,포함,
krxesgleaders150,KRX ESG Leaders 150,1,285690 FOCUS ESG리더스,20171213,20260921,제외,수동: ESG 선별 광범위 지수 — 가중치만 다른 시장 전체
mscikoreaesguniversalcappedindex,MSCI Korea ESG Universal Capped Index,1,289040 KODEX MSCI KOREA ESG유니버설,20180207,20260921,제외,수동: ESG 선별 광범위 지수 — 가중치만 다른 시장 전체
mscikoreacountryesgleaderscappedindex,MSCI Korea Country ESG Leaders Capped Index,1,289260 TIGER MSCI KOREA ESG리더스,20180207,20260921,제외,수동: ESG 선별 광범위 지수 — 가중치만 다른 시장 전체
mscikoreaesguniversalindex,MSCI Korea ESG Universal Index,1,289250 TIGER MSCI KOREA ESG유니버설,20180207,20260921,제외,수동: ESG 선별 광범위 지수 — 가중치만 다른 시장 전체
krxesg사회책임경영지수(s),KRX ESG 사회책임경영지수(S),1,290130 RISE ESG사회책임투자,20180227,20260921,제외,수동: ESG 선별 광범위 지수 — 가중치만 다른 시장 전체
f-코스닥150지수,F-코스닥150 지수,1,291610 KOSEF 코스닥150선물,20180316,20210322,제외,시장 대표지수(§1 목록)
krx300,KRX 300,7,292050 RISE KRX300 | 292160 TIGER KRX300 | 292190 KODEX KRX300 | 292500 SOL KRX300 | 292730 FOCUS KRX300 | 292750 ARIRANG KRX300 | 304760 HANARO KRX300,20180326,20260921,제외,시장 대표지수(§1 목록)
fnguidetop10지수,FnGuide TOP10 지수,1,292150 TIGER 코리아TOP10,20180330,20260921,포함,
fnguide대형가치지수,FnGuide 대형가치 지수,1,292110 TIGER 대형가치,20180330,20210506,포함,
fnguide대형성장지수,FnGuide 대형성장 지수,1,292100 TIGER 대형성장,20180330,20210506,포함,
fnguide중소형지수,FnGuide 중소형 지수,1,292120 TIGER 중소형,20180330,20201223,포함,
fnguide중소형가치지수,FnGuide 중소형가치 지수,1,292140 TIGER 중소형가치,20180330,20210506,포함,
fnguide중소형성장지수,FnGuide 중소형성장 지수,1,292130 TIGER 중소형성장,20180330,20210506,포함,
코스피200로우볼가중지수,코스피 200 로우볼 가중 지수,1,295890 ARIRANG 200로우볼,20180511,20191210,포함,
코스피200모멘텀가중지수,코스피 200 모멘텀 가중 지수,1,295860 ARIRANG 200모멘텀,20180511,20191210,포함,
코스피200밸류가중지수,코스피 200 밸류 가중 지수,1,295840 ARIRANG 200밸류,20180511,20191210,포함,
코스피200퀄리티가중지수,코스피 200 퀄리티 가중 지수,1,295880 ARIRANG 200퀄리티,20180511,20191210,포함,
fnkorea50지수,FnKorea 50 지수,1,296710 KODEX FnKorea50,20180608,20210812,제외,시장 대표지수(§1 목록)
fnguidekq모멘텀&로우볼지수,FnGuide KQ 모멘텀&로우볼 지수,1,300300 KBSTAR KQ모멘텀로우볼,20180718,20200803,포함,
fnguidekq모멘텀&밸류지수,FnGuide KQ 모멘텀&밸류 지수,1,300310 KBSTAR KQ모멘텀밸류,20180718,20200803,포함,
fnguide중소형모멘텀&로우볼지수,FnGuide 중소형 모멘텀&로우볼 지수,1,300280 KBSTAR 중소형모멘텀로우볼,20180718,20210506,포함,
fnguide중소형모멘텀&밸류지수(시장가격지수),FnGuide 중소형모멘텀&밸류 지수(시장가격 지수),1,300290 KBSTAR 중소형모멘텀밸류,20180718,20210506,포함,
wise게임테마지수(시장가격지수),WISE 게임 테마 지수 (시장가격지수),1,300640 RISE 게임테마,20180724,20260921,포함,
fnguide게임산업지수,FnGuide 게임 산업 지수,1,300950 KODEX 게임산업,20180724,20260921,포함,
wisek게임테마지수,WISE K게임 테마 지수,1,300610 TIGER K게임,20180724,20260921,포함,
fnguide2차전지산업지수,FnGuide 2차전지 산업 지수,1,305720 KODEX 2차전지산업,20180912,20260921,포함,
wise2차전지테마지수,WISE 2차전지 테마 지수,1,305540 TIGER 2차전지테마,20180912,20260921,포함,
krx300정보기술,KRX300 정보기술,1,309170 ARIRANG KRX300IT,20181108,20210701,포함,
krx300금융,KRX300 금융,1,309180 ARIRANG KRX300금융,20181108,20200521,포함,
krx300산업재,KRX300 산업재,1,309190 ARIRANG KRX300산업재,20181108,20200521,포함,
krx300자유소비재,KRX300 자유소비재,1,309200 ARIRANG KRX300자유소비재,20181108,20200521,포함,
krx300헬스케어,KRX300 헬스케어,1,309210 ARIRANG KRX300헬스케어,20181108,20231026,포함,
fnguide의료기기지수,FnGuide 의료기기 지수,1,307510 TIGER 의료기기,20181108,20260921,포함,
fnguide지주회사지수,FnGuide 지주회사 지수,1,307520 TIGER 지주회사,20181108,20260921,포함,
fnguide농업융복합산업지수(시장가격),FnGuide 농업융복합산업 지수(시장가격),1,314700 HANARO 농업융복합산업,20181221,20260921,포함,
코스피200커뮤니케이션서비스,코스피 200 커뮤니케이션서비스,2,315270 TIGER 200커뮤니케이션서비스 | 315480 KBSTAR 200커뮤니케이션서비스,20190115,20260921,포함,
wise대형고배당10tr지수,WISE 대형고배당10 TR 지수,1,315960 RISE 대형고배당10TR,20190122,20260921,포함,
fnguidetop5plustotalreturn지수,FnGuide TOP 5 Plus Total Return 지수,1,315930 KODEX Top5PlusTR,20190122,20260921,포함,
fnguide스마트로우볼지수,FnGuide 스마트 로우볼 지수,1,322130 KINDEX 스마트로우볼,20190416,20240723,포함,
fnguide스마트퀄리티지수,FnGuide 스마트 퀄리티 지수,1,322120 KINDEX 스마트퀄리티,20190416,20240723,포함,
fnguide스마트하이베타지수,FnGuide 스마트 하이베타 지수,1,322150 KINDEX 스마트하이베타,20190416,20240723,포함,
fnguidee커머스지수,FnGuide E커머스 지수,1,322400 HANARO e커머스,20190423,20260921,포함,
fnguide고배당알파지수,FnGuide 고배당 알파 지수,1,322410 HANARO 고배당,20190423,20260921,포함,
fnguide성장지수(pr),FnGuide 성장 지수(PR),1,325010 KODEX 성장주,20190531,20260921,포함,
fnguideslv배당가치지수,FnGuide SLV 배당가치 지수,1,325020 KODEX 배당가치,20190531,20260921,포함,
fnguideit플러스지수,FnGuide IT플러스 지수,1,326240 RISE IT플러스,20190620,20260921,포함,
fnguide내수주플러스지수,FnGuide 내수주플러스 지수,1,326230 RISE 내수주플러스,20190620,20260921,포함,
코스피tr,코스피 TR,2,328370 PLUS 코스피TR | 359210 KODEX 코스피TR,20190625,20260921,제외,시장 대표지수(§1 목록)
fnguide-키움스마트중소형주지수,FnGuide-키움 스마트 중소형주 지수,1,331910 KOSEF Fn중소형,20190813,20241105,포함,
fnguideks로우볼가중tr지수,FnGuide KS 로우볼 가중 TR 지수,1,333940 PLUS KS로우볼가중TR,20190905,20240926,포함,
fnguideks로우사이즈가중tr지수,FnGuide KS 로우사이즈 가중 TR 지수,1,333950 PLUS KS로우사이즈가중TR,20190905,20241023,포함,
fnguideks모멘텀가중tr지수,FnGuide KS 모멘텀 가중 TR 지수,1,333960 PLUS KS모멘텀가중TR,20190905,20240926,포함,
fnguideks밸류가중tr지수,FnGuide KS 밸류 가중 TR 지수,1,333970 PLUS KS밸류가중TR,20190905,20241023,포함,
fnguideks퀄리티가중tr지수,FnGuide KS 퀄리티 가중 TR 지수,1,333980 PLUS KS퀄리티가중TR,20190905,20240826,포함,
코스피200esg지수,코스피 200 ESG 지수,1,337160 KODEX 200ESG,20191114,20260921,제외,수동: ESG 선별 광범위 지수 — 가중치만 다른 시장 전체
코스피200초대형제외지수,코스피 200 초대형제외 지수,1,337150 KODEX 200exTOP,20191114,20260921,제외,시장 대표지수(§1 목록)
fnguide멀티팩터지수,FnGuide 멀티팩터 지수,1,337120 KODEX 멀티팩터,20191114,20260921,포함,
코스피200제외코스피지수,코스피200제외 코스피지수,1,361590 KBSTAR 코스피ex200,20200821,20220419,제외,시장 대표지수(§1 목록)
코스피200정보기술tr,코스피200 정보기술 TR,1,363580 KODEX 200IT TR,20200925,20260921,병합,수동: 같은 지수의 배당 재투자판 → 코스피200정보기술
krxbbig지수,KRX BBIG 지수,2,364960 TIGER KRX BBIG K-뉴딜 | 385710 TIMEFOLIO 이노베이션액티브,20201007,20260921,포함,
krx2차전지top10지수,KRX 2차전지 TOP 10 지수,1,364980 TIGER KRX2차전지K-뉴딜,20201007,20260921,포함,
krx게임top10지수,KRX 게임 TOP 10 지수,1,364990 TIGER 게임TOP10,20201007,20260921,포함,
krx바이오top10지수,KRX 바이오 TOP 10 지수,2,0000Z0 RISE 바이오TOP10액티브 | 364970 TIGER 바이오TOP10,20201007,20260921,포함,
krx인터넷top10지수,KRX 인터넷 TOP 10 지수,1,365000 TIGER 인터넷TOP10,20201007,20260921,포함,
fnguide5g산업지수,FnGuide 5G 산업 지수,1,367740 HANARO Fn5G산업,20201029,20260921,포함,
fnguide네트워크인프라지수,FnGuide 네트워크 인프라 지수,1,367760 RISE 네트워크인프라,20201029,20260921,포함,
fnguide수소경제테마지수,FnGuide 수소 경제 테마 지수,1,367770 RISE 수소경제테마,20201029,20260921,포함,
fnguidek-뉴딜디지털플러스지수,FnGuide K-뉴딜 디지털 플러스 지수,4,368190 HANARO Fn K-뉴딜디지털플러스 | 368200 KBSTAR Fn K-뉴딜디지털플러스 | 368470 KINDEX Fn K-뉴딜디지털플러스 | 368680 KODEX K-뉴딜디지털플러스,20201110,20260921,포함,
fnguidek-이노베이션지수,FnGuide K-이노베이션 지수,1,373490 KODEX 코리아혁신성장액티브,20201224,20260921,포함,
fnguide신재생에너지지수,FnGuide 신재생에너지 지수,1,377990 TIGER Fn신재생에너지,20210305,20260921,포함,
fnguide전기&수소차지수(시장가격),FnGuide 전기&수소차 지수 (시장가격),1,381560 HANARO Fn전기&수소차,20210402,20260921,포함,
fnguide친환경에너지지수(시장가격),FnGuide 친환경에너지 지수 (시장가격),1,381570 HANARO Fn친환경에너지,20210402,20260921,포함,
fnguide코리아ai테크핵심산업지수(pricereturn),FnGuide 코리아AI테크핵심산업지수 (Price Return),1,380340 KINDEX Fn5G플러스,20210402,20260921,포함,
fnguidek-미래차지수,FnGuide K-미래차 지수,1,385520 KODEX 자율주행액티브,20210525,20260921,포함,
fnguidek-신재생에너지플러스지수,FnGuide K-신재생에너지 플러스 지수,1,385510 KODEX 신재생에너지액티브,20210525,20260921,포함,
fnguide퓨처모빌리티지수,FnGuide 퓨처모빌리티 지수,1,387280 TIGER 퓨처모빌리티액티브,20210525,20260921,포함,
mscikoreacountryesgleaderscustomcappedpricereturnindex,MSCI Korea Country ESG Leaders Custom Capped Price return Index,1,385590 네비게이터 ESG액티브,20210525,20260921,제외,수동: ESG 선별 광범위 지수 — 가중치만 다른 시장 전체
fnguide친환경자동차밸류체인지수,FnGuide 친환경 자동차 밸류체인 지수,1,385600 네비게이터 친환경자동차밸류체인액티브,20210525,20260921,포함,
fnguidek엔터&여행레저지수,FnGuide K엔터&여행레저 지수,1,388280 RISE 컨택트대표,20210610,20260921,포함,
iselect비메모리반도체지수(시장가격지수),iSelect 비메모리반도체 지수(시장가격지수),1,388420 RISE 비메모리반도체액티브,20210610,20260921,포함,
fnguide한화esg가치지수,FnGuide 한화 ESG 가치 지수,1,395750 PLUS ESG가치주액티브,20210730,20260921,포함,
fnguide한화esg성장지수,FnGuide 한화 ESG 성장 지수,1,395760 PLUS ESG성장주액티브,20210730,20260921,포함,
fnguidek-pop&미디어지수,FnGuide K-POP & 미디어 지수,1,395290 HANARO Fn K-POP&미디어,20210730,20260921,포함,
fnguidek-게임지수,FnGuide K-게임 지수,1,395280 HANARO Fn K-게임,20210730,20260921,포함,
fnguidek-반도체지수,FnGuide K-반도체 지수,1,395270 HANARO Fn K-반도체,20210730,20260921,포함,
fnguidetop10동일가중지수,FnGuide TOP10 동일가중 지수,1,395170 KODEX Top10동일가중,20210730,20260921,포함,
fnguideai반도체top2+지수,FnGuide AI반도체 TOP2+ 지수,1,395160 KODEX 시스템반도체,20210730,20260921,포함,
fnguide웹툰&드라마지수,FnGuide 웹툰&드라마 지수,1,395150 KODEX 웹툰&드라마,20210730,20260921,포함,
fnguide반도체top10지수,FnGuide 반도체TOP10 지수,1,396500 TIGER 반도체TOP10,20210810,20260921,포함,
fnguidek-메타버스mz지수(시장가격),FnGuide K-메타버스 MZ 지수(시장가격),1,402460 HANARO Fn K-메타버스MZ,20211013,20260921,포함,
iselect메타버스지수(시장가격지수),iSelect 메타버스 지수(시장가격지수),1,401170 RISE 메타버스,20211013,20260921,포함,
fnguidek-메타버스지수,FnGuide K-메타버스 지수,1,401470 KODEX 메타버스액티브,20211013,20260921,포함,
fnguide메타버스테마지수,FnGuide 메타버스테마 지수,1,400970 TIGER Fn메타버스,20211013,20260921,포함,
krx기후변화솔루션지수,KRX 기후변화 솔루션지수,6,403990 KBSTAR KRX기후변화솔루션 | 404120 TIMEFOLIO 탄소중립액티브 | 404260 KODEX 기후변화솔루션 | 404470 HANARO KRX기후변화솔루션 | 404540 TIGER KRX기후변화솔루션 | 404650 SOL KRX기후변화솔루션,20211029,20260921,포함,
fnguide스마트커머스지수,FnGuide 스마트커머스 지수,1,407170 MASTER 스마트커머스액티브,20211116,20250917,포함,
fnguidetmt지수,FnGuide TMT 지수,1,407160 MASTER 테크미디어텔레콤액티브,20211116,20250917,포함,
fnguide플랫폼지수(pricereturn),FnGuide 플랫폼 지수(Price Return),1,407820 에셋플러스 코리아플랫폼액티브,20211116,20260921,포함,
코스피200top10지수,코스피 200 Top 10 지수,2,407310 HANARO 200 TOP10 | 411540 SOL 200 Top10,20211124,20260921,포함,
fnguide골프테마지수,FnGuide 골프 테마 지수,1,407300 HANARO Fn골프테마,20211124,20260921,포함,
fnguidek-컬처지수,FnGuide K-컬처 지수,1,410870 TIMEFOLIO K컬처액티브,20211215,20260921,포함,
mk-iselectaiesg지수(시장가격지수),MK-iSelect AI ESG 지수(시장가격지수),1,413930 WOORI AI ESG액티브,20220105,20260921,포함,
kedi혁신기업esg30지수(시장가격지수),KEDI 혁신기업ESG30 지수(시장가격 지수),1,417630 TIGER KEDI혁신기업ESG30,20220208,20260921,포함,
iselect우주항공uam지수,iSelect 우주항공UAM 지수,1,421320 PLUS 우주항공&UAM,20220329,20260921,포함,
fnguidemz소비지수,FnGuide MZ 소비 지수,1,422260 VITA MZ소비액티브,20220329,20260624,포함,
iselect2차전지지수(시장가격지수),iSelect 2차전지 지수 (시장가격지수),1,422420 RISE 2차전지액티브,20220408,20260921,포함,
fnguide창업투자회사지수(시장가격지수),FnGuide 창업투자회사 지수(시장가격지수),1,427110 RISE 창업투자회사,20220517,20250121,포함,
fnguideai플랫폼지수,FnGuide AI 플랫폼 지수,1,427120 RISE 플랫폼테마,20220517,20260921,포함,
iselect원자력지수(시장가격),iSelect 원자력지수 (시장가격),1,434730 HANARO 원자력iSelect,20220628,20260921,포함,
deepsearch원자력top10지수,DeepSearch 원자력 TOP 10지수,1,433500 KINDEX 원자력테마딥서치,20220628,20260921,포함,
fnguidek-유니콘투자기업지수,FnGuide K-유니콘 투자기업 지수,1,436180 PLUS K-유니콘투자기업액티브,20220713,20240826,포함,
fnguidek-푸드지수(시장가격),FnGuide K-푸드 지수 (시장가격),1,438900 HANARO Fn K-푸드,20220817,20260921,포함,
fnguide조선해운지수,FnGuide 조선해운지수,1,441540 HANARO Fn조선해운,20220915,20260921,포함,
fnguide대장장이지수(pricereturn),FnGuide 대장장이 지수(Price Return),1,442090 에셋플러스 코리아대장장이액티브,20220920,20260921,포함,
kedi메가테크지수(pr),KEDI 메가테크지수(PR),1,444200 SOL 코리아메가테크액티브,20221018,20260921,포함,
mkf배당귀족지수(시장가격지수),MKF 배당귀족 지수(시장가격지수),1,445910 TIGER MKF배당귀족,20221018,20260921,포함,
fnguide주주가치지수,FnGuide 주주가치 지수,1,445690 BNK 주주가치액티브,20221027,20260921,포함,
iselect배터리리사이클링지수,iSelect 배터리 리사이클링 지수,1,446700 RISE 배터리 리사이클링,20221101,20260921,포함,
fnguide올라운드가치주지수,FnGuide 올라운드 가치주 지수,1,447430 ACE 차세대가치주액티브,20221115,20260921,포함,
iselectk-로봇테마지수,iSelect K-로봇테마 지수,1,445290 KODEX 로봇액티브,20221115,20260921,포함,
fnguidek-친환경선박지수,FnGuide K-친환경 선박 지수,1,445150 KODEX 친환경조선해운액티브,20221115,20260921,포함,
fnguidesk그룹대표주지수,FnGuide SK그룹대표주 지수,1,450120 KOSEF SK그룹대표주,20221223,20250602,포함,
fnguidek-방위산업지수,FnGuide K-방위산업 지수,1,449450 PLUS K방산,20230105,20260921,포함,
fnguide밸류알파지수,FnGuide 밸류알파지수,1,452440 VITA 밸류알파액티브,20230221,20260528,포함,
iselectcapex설비투자지수(시장가격),iSelect CAPEX 설비투자 지수(시장가격),1,454320 HANARO CAPEX설비투자iSelect,20230418,20260921,포함,
fnguide2차전지소부장지수(pr),FnGuide 2차전지 소부장 지수(PR),1,455860 SOL 2차전지소부장Fn,20230425,20260921,포함,
fnguideai반도체소부장지수,FnGuide AI 반도체 소부장 지수,1,455850 SOL 반도체소부장Fn,20230425,20260921,포함,
fnguide태양광&ess지수,FnGuide 태양광 & ESS 지수,1,457990 PLUS 태양광&ESS,20230620,20260921,포함,
iselect미래전략기술지수(pr),iSelect 미래전략기술 지수 (PR),1,457930 BNK 미래전략기술액티브,20230620,20260921,포함,
fnguide유전자혁신기술지수(시장가격),FnGuide 유전자혁신기술 지수(시장가격),1,460280 KOSEF Fn유전자혁신기술,20230627,20260325,포함,
fnguide2차전지핵심소재10지수,FnGuide 2차전지핵심소재10 지수,1,461950 KODEX 2차전지핵심소재10 Fn,20230704,20260921,포함,
fnguide2차전지소재(pricereturn)지수,FnGuide 2차전지소재 (Price Return) 지수,1,462010 TIGER 2차전지소재Fn,20230713,20260921,포함,
iselectk방산&우주,iSelect K방산&우주,1,463250 TIGER 우주방산,20230725,20260921,포함,
iselect바이오헬스케어pr지수,iSelect 바이오헬스케어 PR 지수,1,462900 KoAct 바이오헬스케어액티브,20230803,20260921,포함,
fnguide의료기기소부장지수(pr),FnGuide 의료기기소부장지수(PR),1,464610 SOL 의료기기소부장Fn,20230822,20260921,포함,
fnguide자동차소부장지수(pr),FnGuide 자동차소부장지수(PR),1,464600 SOL 자동차소부장Fn,20230822,20260921,포함,
iselect2차전지top10지수(pr),iSelect 2차전지 TOP10 지수(PR),1,465330 RISE 2차전지TOP10,20230912,20260921,포함,
fnguide자동차top3플러스지수(pr),FnGuide 자동차TOP3플러스지수(PR),1,466930 SOL 자동차TOP3플러스,20231005,20260921,포함,
fnguide조선top3플러스지수(pr),FnGuide 조선TOP3플러스지수(PR),1,466920 SOL 조선TOP3플러스,20231005,20260921,포함,
fnguideai반도체top3+지수,FnGuide AI반도체 TOP3+ 지수,1,469150 ACE AI반도체포커스,20231017,20260921,포함,
fnguide포스코그룹포커스지수(시장가격),FnGuide 포스코그룹포커스 지수(시장가격),1,469170 ACE 포스코그룹포커스,20231017,20260921,포함,
fnguide은행고배당플러스top10지수(시장가격지수),FnGuide 은행고배당플러스TOP10 지수(시장가격 지수),1,466940 TIGER 은행고배당플러스TOP10,20231017,20260921,포함,
iselect2차전지양극재지수,iSelect 2차전지양극재 지수,1,466810 BNK 2차전지양극재,20231019,20260921,포함,
iselectai&로봇지수(시장가격),iSelect AI&로봇 지수(시장가격),1,469070 RISE AI&로봇,20231024,20260921,포함,
solactivek-techtop10index(pr),Solactive K-TechTOP10 Index(PR),1,469790 KOSEF K-테크TOP10,20231031,20260921,포함,
iselectai반도체핵심장비지수,iSelect AI 반도체핵심장비 지수,1,471990 KODEX AI반도체핵심장비,20231121,20260921,포함,
iselectai반도체핵심공정지수,iSelect AI반도체핵심공정지수,1,471760 TIGER AI반도체핵심공정,20231121,20260921,포함,
iselectai지수,iSelect AI 지수,1,470310 UNICORN 생성형AI강소기업액티브,20231121,20260921,포함,
iselectk-메디테크지수(pr),iSelect K-메디테크 지수(PR),1,473380 HANARO K-메디테크,20231221,20250325,포함,
fnguide반도체밸류체인(pricereturn)지수,FnGuide 반도체 밸류체인 (Price Return) 지수,1,474590 WOORI 반도체밸류체인액티브,20240116,20260921,포함,
iselectk-pop포커스지수(시장가격),iSelect K-POP 포커스지수(시장가격),1,475050 ACE KPOP포커스,20240130,20260921,포함,
fnguide반도체전공정지수(pr),FnGuide 반도체 전공정 지수(PR),1,475300 SOL 반도체전공정,20240214,20260921,포함,
fnguide반도체후공정지수(pr),FnGuide 반도체 후공정 지수(PR),1,475310 SOL 반도체후공정,20240214,20260921,포함,
fnguide반도체핵심공정지수,FnGuide 반도체 핵심공정 지수,1,476260 HANARO 반도체핵심공정주도주,20240227,20260921,포함,
iselect포스트ipo지수,iSelect 포스트 IPO 지수,1,476000 UNICORN 포스트IPO액티브,20240227,20260921,포함,
fnguidek-뷰티지수,FnGuide K-뷰티 지수,1,479850 HANARO K-뷰티,20240416,20260921,포함,
iselect반도체&2차전지핵심소재지수,iSelect 반도체&2차전지핵심소재 지수,1,482030 KoAct 테크핵심소재공급망액티브,20240514,20260921,포함,
fnguide의료ai지수,FnGuide 의료AI 지수,1,483020 KOSEF 의료AI,20240528,20260921,포함,
iselect주주가치성장지수,iSelect 주주가치성장 지수,1,482870 HANARO 주주가치성장코리아액티브,20240611,20251125,포함,
fnguideai반도체&인프라지수,FnGuide AI반도체&인프라 지수,1,486240 DAISHIN343 AI반도체&인프라액티브,20240618,20260921,포함,
fnguide금융지주플러스고배당지수(pr),FnGuide 금융지주플러스고배당 지수(PR),1,484880 SOL 금융지주플러스고배당,20240625,20260921,포함,
iselectai전력핵심설비지수(pricereturn),iSelect AI 전력핵심설비 지수(Price Return),1,487240 KODEX AI전력핵심설비,20240709,20260921,포함,
solactiveai인프라지수,Solactive AI인프라 지수,1,487130 KoAct AI인프라액티브,20240709,20260921,포함,
fnguide온디바이스ai지수,FnGuide 온디바이스AI 지수,1,487750 BNK 온디바이스AI,20240723,20260921,포함,
solactivek-batterynorthamericasupplychain지수,Solactive K-Battery North America Supply Chain 지수,1,488200 KOSEF K-2차전지북미공급망,20240723,20260921,포함,
solactivek-semiconductornorthamericasupplychain지수,Solactive K-Semiconductor North America Supply Chain 지수,1,488210 KOSEF K-반도체북미공급망,20240723,20260921,포함,
iselect전력설비투자지수,iSelect 전력설비투자 지수,1,491820 HANARO 전력설비투자,20240924,20260921,포함,
fnguidek-주주가치지수,FnGuide K-주주가치 지수,1,491510 파워 K-주주가치액티브,20240924,20260921,포함,
kedik방산지수(pr),KEDI K방산 지수(PR),1,490480 SOL K방산,20241002,20260921,포함,
fnguide기업가치지수(시장가격),FnGuide 기업가치 지수(시장가격),1,494330 ACE 라이프자산주주가치액티브,20241015,20260921,포함,
iselect조선top10index(pr),iSelect 조선TOP10 Index(PR),1,494670 TIGER 조선TOP10,20241022,20260921,포함,
코리아밸류업지수,코리아 밸류업 지수,11,495040 PLUS 코리아밸류업 | 495050 RISE 코리아밸류업 | 495060 TIMEFOLIO 코리아밸류업액티브 | 495230 KoAct 코리아밸류업액티브 | 495330 1Q 코리아밸류업 | 495750 HANARO 코리아밸류업 | 495850 KODEX 코리아밸류업 | 496080 TIGER 코리아밸류업 | 496090 KOSEF 코리아밸류업 | 496120 ACE 코리아밸류업 | 496130 TRUSTON 코리아밸류업액티브,20241104,20260921,포함,
코리아밸류업tr지수,코리아 밸류업 TR 지수,1,495550 SOL 코리아밸류업TR,20241104,20260921,병합,수동: 같은 지수의 배당 재투자판 → 코리아밸류업지수
fnguidesk하이닉스밸류체인지수,FnGuide SK하이닉스밸류체인 지수,1,494220 UNICORN SK하이닉스밸류체인액티브,20241107,20260921,포함,
iselectk-바이오헬스케어,iSelect K-바이오헬스케어,1,498050 HANARO 바이오코리아액티브,20241126,20260921,포함,
iselect코리아금융고배당지수,iSelect 코리아 금융 고배당 지수,1,498860 RISE 코리아금융고배당,20241210,20260921,포함,
fnguide한화그룹주지수,FnGuide 한화그룹주 지수,1,0000J0 PLUS 한화그룹주,20241224,20260921,포함,
fnguide바이오시밀러&cdmo지수,FnGuide 바이오시밀러&CDMO 지수,1,0001P0 마이티 바이오시밀러&CDMO액티브,20241224,20260921,포함,
fnguide전고체배터리&실리콘음극재지수(pr),FnGuide 전고체배터리&실리콘음극재 지수(PR),1,0005D0 SOL 전고체배터리&실리콘음극재,20250107,20260921,포함,
fnguidek-ai반도체코어테크지수,FnGuide K-AI반도체 코어테크 지수,1,0005G0 ITF K-AI반도체코어테크,20250121,20260921,포함,
fnguide화장품top3플러스지수(pr),FnGuide 화장품TOP3 플러스 지수(PR),1,0008T0 SOL 화장품TOP3플러스,20250121,20260921,포함,
dowjoneskoreadividend30지수(pricereturn),Dow Jones Korea Dividend 30 지수 (Price Return),1,0052D0 TIGER 코리아배당다우존스,20250520,20260921,포함,
kedik수출핵심기업top30지수(pr),KEDI K수출핵심기업TOP30 지수(PR),1,0074K0 KoAct K수출핵심기업TOP30액티브,20250708,20260921,포함,
iselect방산top10지수(pricereturn),iSelect 방산 TOP10 지수(Price Return),1,0080G0 KODEX 방산TOP10,20250715,20260921,포함,
코스피200금융고배당top10지수,코스피 200 금융 고배당 TOP 10 지수,1,0089D0 KODEX 금융고배당TOP10,20250812,20260921,포함,
fnguide한국원자력smr지수(pr),FnGuide 한국원자력 SMR 지수(PR),1,0092B0 SOL 한국원자력SMR,20250819,20260921,포함,
iselect코리아원자력지수(pricereturn),iSelect 코리아 원자력 지수 (Price Return),1,0091P0 TIGER 코리아원자력,20250819,20260921,포함,
akrosk방산소부장지수(pr),Akros K방산소부장 지수(PR),1,0090B0 PLUS K방산소부장,20250826,20260921,포함,
fnguideai반도체top10지수,FnGuide AI반도체TOP10 지수,1,0093A0 RISE AI반도체TOP10,20250826,20260921,포함,
iselect원자력smr지수(pricereturn),iSelect 원자력SMR 지수(Price Return),1,0098F0 KODEX 원자력SMR,20250916,20260921,포함,
fnguide고배당주플러스자사주지수(pr),FnGuide 고배당주 플러스 자사주 지수 (PR),1,0098N0 PLUS 자사주매입고배당주,20250916,20260921,포함,
krx-akrosai전력인프라지수,KRX-Akros AI 전력인프라 지수,1,0101N0 RISE AI전력인프라,20250923,20260921,포함,
fnguide코리아고배당지수(pr),FnGuide 코리아 고배당 지수(PR),1,0105E0 SOL 코리아고배당,20250923,20260921,포함,
kedi한국ai소프트웨어지수(pr),KEDI 한국AI소프트웨어 지수(PR),1,0105D0 SOL 한국AI소프트웨어,20250923,20260921,포함,
iselectk소버린ai지수,iSelect K소버린AI 지수,1,0103T0 1Q K소버린AI,20250930,20260921,포함,
krx코리아소버린ai지수,KRX 코리아 소버린 AI 지수,1,0115E0 KODEX 코리아소버린AI,20251021,20260921,포함,
kedi코리아ai전력기기top3플러스지수,KEDI 코리아AI전력기기TOP3플러스 지수,1,0117V0 TIGER 코리아AI전력기기TOP3플러스,20251021,20260921,포함,
fnguide증권고배당top3플러스지수,FnGuide 증권 고배당 TOP3 플러스 지수,1,0111J0 HANARO 증권고배당TOP3플러스,20251028,20260921,포함,
krx조선top10,KRX 조선 TOP10,1,0115D0 KODEX 조선TOP10,20251028,20260921,포함,
fnguide카카오그룹포커스지수,FnGuide 카카오그룹 포커스 지수,1,0120J0 BNK 카카오그룹포커스,20251202,20260921,포함,
krx-akros고배당주20지수,KRX-Akros 고배당주 20 지수,1,0139P0 ACE 고배당주,20251216,20260921,포함,
fnguide동학개미지수,FnGuide 동학개미 지수,1,0138D0 RISE 동학개미,20251216,20260921,포함,
fnguide조선기자재지수(pr),FnGuide 조선기자재 지수(PR),1,0141S0 SOL 조선기자재,20251216,20260921,포함,
kedi코리아휴머노이드로봇산업지수(pr),KEDI 코리아 휴머노이드로봇산업 지수 (PR),1,0148J0 TIGER 코리아휴머노이드로봇산업,20260106,20260921,포함,
fnguide수소전력ess인프라지수(pr),FnGuide 수소전력ESS인프라 지수(PR),1,0150K0 KoAct 수소전력ESS인프라액티브,20260113,20260921,포함,
fnguide배당성향탑픽지수(pr),FnGuide 배당성향탑픽 지수(PR),1,0152E0 SOL 배당성향탑픽액티브,20260113,20260921,포함,
akros주주환원고배당지수(pricereturn),Akros 주주환원 고배당 지수 (Price Return),1,0153K0 KODEX 주주환원고배당주,20260120,20260921,포함,
kap코리아전략산업지수,KAP 코리아전략산업지수,1,0151P0 RISE 코리아전략산업액티브,20260120,20260921,포함,
iselect초대형ib&금융지주지수,iSelect 초대형IB&금융지주 지수,1,0154F0 WON 초대형IB&금융지주,20260120,20260921,포함,
iselectk휴머노이드테마top10지수,iSelect K휴머노이드테마TOP10 지수,1,0155N0 HANARO K휴머노이드테마TOP10,20260226,20260921,포함,
코스닥,코스닥,5,0162Y0 TIME 코스닥액티브 | 0163Y0 KoAct 코스닥액티브 | 0191B0 MIDAS 코스닥액티브 | 0204S0 TIGER 코스닥액티브 | 0220B0 DS 코스닥액티브,20260310,20260921,제외,시장 대표지수(§1 목록)
fnguideai반도체top2플러스지수(pr),FnGuide AI반도체 TOP2 플러스 지수(PR),1,0167A0 SOL AI반도체TOP2플러스,20260317,20260921,포함,
krx기술이전바이오지수,KRX 기술이전 바이오 지수,1,0168K0 TIGER 기술이전바이오액티브,20260317,20260921,포함,
akrosk제조업50지수,Akros K제조업 50 지수,1,0166S0 PLUS K제조업핵심기업액티브,20260324,20260921,포함,
iselectk수출핵심산업지수(시장가격),iSelect K수출핵심산업 지수 (시장가격),1,0172Y0 ACE K수출핵심TOP10산업액티브,20260331,20260921,포함,
iselect두산그룹포커스지수,iSelect 두산그룹 포커스 지수,1,0177A0 WON 두산그룹포커스,20260331,20260921,포함,
akrosk-휴머노이드로봇top2+지수(시장가격),Akros K-휴머노이드 로봇 TOP2+ 지수 (시장가격),1,0177X0 ACE K휴머노이드로봇산업TOP2+,20260407,20260921,포함,
nicek반도체top2max+지수,NICE K반도체 TOP2 MAX+ 지수,1,0182R0 1Q K반도체TOP2+,20260414,20260921,포함,
kedi현대차고정피지컬ai지수,KEDI 현대차고정피지컬AI 지수,1,0190C0 RISE 현대차고정피지컬AI,20260512,20260921,포함,
fnguidek-바이오밸런스드지수,FnGuide K-바이오 밸런스드 지수,1,0184V0 UNICORN 코스닥바이오액티브,20260512,20260921,포함,
코스닥top10지수,코스닥 TOP 10 지수,1,0192T0 SOL 코스닥TOP10,20260519,20260921,포함,
krx-akros금융&지주고배당지수,KRX-Akros 금융 & 지주 고배당 지수,1,0189Z0 DAISHIN343 금융&지주고배당,20260609,20260921,포함,
akros현대차로보틱스밸류체인top3플러스지수(pr),Akros 현대차로보틱스 밸류체인 TOP3 플러스 지수 (PR),1,0204D0 KODEX 현대차로보틱스밸류체인TOP3플러스,20260609,20260921,포함,
akros우주항공밸류체인지수(pr),Akros 우주항공밸류체인 지수(PR),1,0207G0 SOL 우주항공밸류체인,20260616,20260921,포함,
krxk-ai반도체top2+지수,KRX K-AI 반도체TOP2+ 지수,1,0210A0 ACE K반도체TOP2+,20260623,20260921,포함,
akros코리아ai전력top10지수(시장가격),Akros 코리아 AI전력 TOP 10 지수 (시장가격),1,0209Z0 ACE 코리아AI전력TOP10,20260623,20260921,포함,
akros한국전고체배터리esstop2플러스지수(pricereturn),Akros 한국 전고체 배터리 ESS TOP2 플러스 지수(Price Return),1,0209D0 KODEX 전고체배터리ESS TOP2플러스,20260623,20260921,포함,
krxk-ai방산top5+지수,KRX K-AI 방산TOP5+ 지수,1,0216Z0 ACE K방산TOP5+,20260707,20260921,포함,
fnguide저궤도위성&광통신인프라지수,FnGuide 저궤도위성 & 광통신 인프라 지수,1,0219B0 KoAct 광통신&위성네트워크액티브,20260714,20260921,포함,
krxk-ai바이오테크코스닥지수,KRX K-AI 바이오테크 코스닥 지수,1,0221Z0 ACE K바이오코스닥액티브,20260721,20260921,포함,
fnguide스마트카지수,FnGuide 스마트카 지수,1,0218K0 BNK 스마트카,20260721,20260921,포함,
fnguide피지컬aitop2플러스지수,FnGuide 피지컬AI TOP2플러스 지수,1,0226G0 WON 피지컬AI TOP2플러스액티브,20260804,20260921,포함,
kapai데이터센터밸류체인지수,KAP AI데이터센터밸류체인지수,1,0222F0 마이티 AI데이터센터밸류체인,20260804,20260921,포함,
iselect반도체top2+전략산업지수(시장가격),iSelect 반도체 TOP2+전략산업 지수 (시장가격),1,0228G0 ACE 반도체Plus전략산업,20260811,20260921,포함,
akros삼성sk그룹top4+지수,Akros 삼성SK그룹 TOP4+ 지수,1,0234N0 KIWOOM 삼성SK그룹TOP4+,20260901,20260921,포함,
fnguide신약포커스바이오지수,FnGuide 신약포커스바이오 지수,1,0229F0 마이티 신약포커스바이오액티브,20260901,20260921,포함,
akros한국ai반도체소부장지수,Akros 한국 AI 반도체 소부장 지수,1,0239Z0 PLUS AI반도체소부장액티브,20260915,20260921,포함,
akros한국hbm반도체지수,Akros 한국 HBM 반도체 지수,1,0239Y0 PLUS 코리아HBM반도체,20260915,20260921,포함,
