,name,fee,dist,mv,dev,대금,거래량,r1y,idx
360750,TIGER 미국S&P500,0.0068,0.98,"20조 8,169억",0.04,"7,783억","30,084,908",+12.67%,S&P 500
360200,ACE 미국S&P500,0.0047,0.97,"3조 9,561억",0.07,77.2억,"295,178",+12.57%,S&P 500
379800,KODEX 미국S&P500,0.0062,2.04,"10조 3,319억",0.01,"5,328억","22,656,317",+12.69%,S&P 500 Total Return Index
379780,RISE 미국S&P500,0.0047,1.15,"1조 4,854억",0.04,24억,"106,557",+12.81%,S&P 500
433330,SOL 미국S&P500,0.0047,0.91,"2,977억",0.04,7.56억,"35,066",+12.31%,S&P 500
133690,TIGER 미국나스닥100,0.0068,0.52,12조 205억,0.11,"7,287억","3,996,479",+19.56%,NASDAQ 100
379810,KODEX 미국나스닥100,0.0062,1.04,"9조 7,585억",0.11,"5,525억","20,269,007",+19.62%,NASDAQ-100 Total Return Index
367380,ACE 미국나스닥100,0.0062,0.52,"3조 5,599억",0.1,57.6억,"183,742",+19.49%,NASDAQ 100
368590,RISE 미국나스닥100,0.0062,0.6,"1조 6,226억",0.11,27.1억,"89,183",+19.69%,NASDAQ 100
476030,SOL 미국나스닥100,0.0055,0.44,"1,348억",0.09,6.83억,"39,591",+19.45%,NASDAQ 100
448290,TIGER 미국S&P500(H),0.07,0.92,"4,848억",0.02,10.6억,"59,705",+13.90%,S&P 500
449180,KODEX 미국S&P500(H),0.0099,0.93,1조 285억,0.06,36.8억,"214,511",+13.79%,S&P 500
448300,TIGER 미국나스닥100(H),0.07,0.49,"4,219억",0.13,15.9억,"67,433",+20.51%,NASDAQ 100
449190,KODEX 미국나스닥100(H),0.0099,0.52,"5,655억",0.08,22.4억,"98,205",+20.64%,NASDAQ 100
069500,KODEX 200,0.15,0.77,"24조 8,803억",0.03,"1조 3,501억","12,221,133",+132.59%,코스피 200
