,name,fee,dist_yield,mv,dev_now,r1m,r3m,r6m,r1y,mgr,nav_eok,tv20_eok,tv60_eok,prem_abs60,prem_max60,zero_tv_days60,first
453850,ACE 미국30년국채액티브(H),0.05,4.31,"1조 4,203억",0.09,-4.18%,-8.34%,-6.48%,-9.10%,한국투자신탁운용,14719.02462732,59.541870471,67.76190054766667,0.1590450700452032,0.4514814016097435,0,20230314
461600,SOL 미국30년국채액티브(H),0.05,2.56,212억,0.15,-4.83%,-9.16%,-7.21%,-10.00%,신한자산운용,219.41369643,0.3973414225,0.6911939453333333,0.1160978088602987,0.4537290177379915,0,20230711
464470,PLUS 미국채30년액티브,0.15,2.81,343억,0.01,-6.04%,-20.11%,-16.29%,-11.96%,한화자산운용,361.67510594,3.1884026815,3.142287375333334,0.1699724133180841,0.570146633816937,0,20230822
476760,ACE 미국30년국채액티브,0.05,4.74,"3,758억",0.11,-5.55%,-19.84%,-15.98%,-11.10%,한국투자신탁운용,3893.2189448,42.5568149985,49.94956817683333,0.1777484391845907,0.7710991518342203,0,20240312
481340,RISE 미국30년국채액티브,0.05,5.39,250억,0.03,-7.15%,-21.30%,-17.79%,-14.36%,KB자산운용,249.72248138,3.625744448,3.5065813305,0.2000433557101877,0.6792884467009541,0,20240528
484790,KODEX 미국30년국채액티브(H),0.015,5.45,"5,743억",0.02,-4.47%,-8.56%,-6.41%,-9.03%,삼성자산운용(ETF),5877.7372168,30.2771046665,44.173527683833335,0.1742565085378198,0.6526263633284568,0,20240618
458250,TIGER 미국30년국채스트립액티브(합성 H),0.15,0.58,"3,553억",0.0,-7.13%,-14.81%,-12.76%,-17.67%,미래에셋자산운용,3782.31311608,19.213128212,25.65678941683333,0.4368206821760573,1.0856717090648171,0,20230531
0085N0,ACE 미국10년국채액티브(H),0.15,3.88,358억,0.02,-3.12%,-4.66%,-3.45%,-4.10%,한국투신운용(ETF),345.75166552,3.1240829465,2.8692760088333333,0.0959640048640029,0.4510518022513343,0,20250722
0085P0,ACE 미국10년국채액티브,0.15,4.03,"1,193억",0.01,-4.29%,-16.08%,-12.87%,-6.18%,한국투신운용(ETF),1170.40512615,18.592878161,17.940557070666667,0.1073018083553099,0.6894008553427478,0,20250722
0091C0,KODEX 미국10년국채액티브(H),0.15,4.33,"1,849억",0.03,-3.44%,-5.01%,-4.11%,-4.93%,삼성자산운용(ETF),1869.58807449,6.196245985499999,8.375521107166668,0.100241103137433,0.4684982300941609,0,20250819
304660,KODEX 미국30년국채울트라선물(H),0.3,0.0,"1,221억",0.03,-4.93%,-8.80%,-7.34%,-10.16%,삼성자산운용(ETF),1294.19119498,2.2783568385,4.110539758833333,0.2904121928595976,1.4300807075250832,0,20180912
267440,RISE 미국장기국채선물(H),0.4,2.58,46.2억,0.06,-5.10%,-7.44%,-6.20%,-8.96%,KB자산운용,47.77778166,0.0473979915,0.0795840823333333,1.0784746317956446,2.6229186109337443,0,20170420
305080,TIGER 미국채10년선물,0.29,0.56,"2,102억",0.04,-4.34%,-16.33%,-13.64%,-7.84%,미래에셋자산운용,2169.40367582,7.606512027999999,9.941395487,0.1169372974998332,0.4771323681448725,0,20180830
308620,KODEX 미국10년국채선물,0.09,1.46,911억,0.08,-4.48%,-16.12%,-13.20%,-7.46%,삼성자산운용(ETF),940.4694435,3.4019134485,4.388020588,0.1207268249062132,0.703798183585802,0,20181019
411060,ACE KRX금현물,0.19,0.0,"3조 8,181억",0.09,-10.74%,-8.11%,-16.44%,-3.10%,한국투자신탁운용,40362.83063984,246.006466886,244.97974104233333,0.452916126999715,1.6188651458590608,0,20211215
0072R0,TIGER KRX금현물,0.15,0.01,"1조 1,393억",0.17,-10.55%,-8.08%,-16.30%,-2.69%,미래에셋자산운용,12037.2645529,114.024441714,95.48072311066667,0.3988107019027453,1.602646417332032,0,20250624
0066W0,SOL 국제금,0.05,0.03,874억,0.49,-10.56%,-10.22%,-16.64%,+4.89%,신한자산운용,927.43639908,10.5880599175,9.355820439666669,0.608796759991774,2.24234482276775,0,20250617
0064K0,KODEX 금액티브,0.3,0.0,"1,531억",0.12,-11.22%,-10.51%,-17.07%,+3.81%,삼성자산운용(ETF),1645.52641614,17.4967415175,16.104290515166667,0.5572183333152413,2.039393439785675,0,20250617
132030,KODEX 골드선물(H),0.68,0.56,"3,530억",0.24,-9.70%,+1.51%,-8.57%,+4.32%,삼성자산운용(ETF),3710.11408989,34.2696973735,29.821130728000004,0.6002123479056505,1.8264509129649609,0,20101001
319640,TIGER 골드선물(H),0.39,1.12,"1,127억",0.24,-9.79%,+0.89%,-9.14%,+3.51%,미래에셋자산운용,1184.4444238,4.635882866499999,4.642059110166667,0.5837142913178792,1.920951515810576,0,20190409
